1,0.037094,2.650104
2,0.250579,0.784614
3,0.037875,7.786415
4,0.037357,10.525955
5,0.033683,14.592438
6,0.031642,18.640778
7,0.030874,22.288557
8,0.031834,24.704464
9,0.036928,23.958406
10,0.070323,13.978887
11,0.055776,19.387264
12,0.033786,34.915703
13,0.034048,37.533836
14,0.033043,41.650204
15,0.034285,43.009148
16,0.034413,45.705784
17,0.033709,49.576611
18,0.032960,53.685440
19,0.039437,47.361248
20,0.034195,57.495785
21,0.033830,61.021572
22,0.033280,64.984612
23,0.037523,60.255836
24,0.037254,63.329323
25,0.034349,71.548347
26,0.035962,71.073151
27,0.044845,59.186531
28,0.035917,76.635788
29,0.036947,77.159195
30,0.036922,79.875198
31,0.036442,83.624870
32,0.037715,83.407440
33,0.037882,85.636086
34,0.037075,90.150185
35,0.036563,94.101166
36,0.036954,95.767235
37,0.037734,96.390770
38,0.037728,99.012718
39,0.037741,101.583855
40,0.037709,104.276985
41,0.037069,108.729271
42,0.037658,109.639709
43,0.037389,113.057167
44,0.037146,116.443832
45,0.038490,114.931831
46,0.038778,116.613312
47,0.039174,117.941513
48,0.037933,124.393463
49,0.039456,122.082718
50,0.040115,122.527122
51,0.038573,129.975128
52,0.040467,126.319786
53,0.039117,133.193710
54,0.039635,133.931854
55,0.039328,137.477615
56,0.039258,140.228226
57,0.039840,140.645798
58,0.040531,140.672668
59,0.039936,145.230774
60,0.039782,148.262558
61,0.040454,148.229721
62,0.060762,100.307571
63,0.043411,142.662537
64,0.041254,152.503891
65,0.047834,133.583084
66,0.043469,149.257965
67,0.045216,145.664536
68,0.095123,70.273834
69,0.064346,105.414764
70,0.073203,94.002449
71,0.041805,166.956528
72,0.041805,169.308029
73,0.043046,166.708298
74,0.042906,169.546524
75,0.047898,153.928375
76,0.053075,140.764496
77,0.044051,171.832031
78,0.046374,165.343643
79,0.043334,179.211334
80,0.048275,162.906021
81,0.086963,91.563141
82,0.044346,181.775146
83,0.045901,177.757950
84,0.045978,179.599106
85,0.045606,183.216400
86,0.045101,187.449982
87,0.044979,190.142288
88,0.046778,184.933640
89,0.046349,188.765518
90,0.046246,191.309158
91,0.049274,181.550842
92,0.048058,188.190186
93,0.050016,182.786957
94,0.049120,188.122482
95,0.048947,190.794998
96,0.050746,185.970490
97,0.046688,204.238525
98,0.045824,210.234619
99,0.048538,200.506332
100,0.046835,209.893417
101,0.050918,194.992462
102,0.047750,209.987930
103,0.047533,213.017365
104,0.053267,191.930801
105,0.050810,203.149017
106,0.053830,193.575089
107,0.049043,214.474747
108,0.049779,213.278488
109,0.048621,220.381729
110,0.049619,217.928543
111,0.049779,219.202881
112,0.051264,214.771545
113,0.053286,208.465073
114,0.052166,214.825165
115,0.050829,222.412506
116,0.051085,223.222229
117,0.052000,221.184006
118,0.053434,217.089447
119,0.051296,228.052383
120,0.051610,228.571442
121,0.052179,227.960266
122,0.064147,186.961990
123,0.056442,214.228348
124,0.054432,223.943573
125,0.052339,234.776215
126,0.053882,229.880020
127,0.053779,232.145676
128,0.052640,239.037094
129,0.053414,237.411911
130,0.053766,237.685989
131,0.053600,240.257904
132,0.053850,240.969818
133,0.053792,243.055328
134,0.054195,243.060928
135,0.053395,248.543686
136,0.054086,247.184952
137,0.053875,249.978622
138,0.052864,256.619873
139,0.054349,251.417816
140,0.054355,253.196732
141,0.058029,238.861816
142,0.054592,255.699875
143,0.054726,256.868195
144,0.054426,260.094086
145,0.056288,253.234802
146,0.055168,260.157806
147,0.055136,262.091675
148,0.055840,260.547821
149,0.055437,264.216125
150,0.060557,243.500320
151,0.060730,244.426178
152,0.056992,262.180786
153,0.056928,264.202362
154,0.060512,250.178711
155,0.056870,267.927063
156,0.057062,268.748322
157,0.056922,271.140076
158,0.058707,264.567749
159,0.059040,264.741455
160,0.059584,263.974213
161,0.057421,275.630859
162,0.057555,276.695221
163,0.058387,274.436066
164,0.058624,275.004364
165,0.062374,260.045135
166,0.073542,221.891907
167,0.066515,246.812271
168,0.061382,269.052216
169,0.063770,260.521912
170,0.059418,281.258087
171,0.060147,279.480713
172,0.060358,280.131500
173,0.060557,280.837036
174,0.059821,285.935577
175,0.060794,282.977142
176,0.061165,282.867035
177,0.065165,267.012390
178,0.062214,281.255005
179,0.064691,272.006317
180,0.060493,292.509521
181,0.062144,286.319244
182,0.061056,293.031464
183,0.060902,295.384613
184,0.061267,295.230316
185,0.062522,290.879303
186,0.062726,291.496796
187,0.063776,288.240845
188,0.062502,295.687073
189,0.066138,280.921234
190,0.076954,242.714554
191,0.063552,295.444122
192,0.067245,280.681458
193,0.069069,274.692383
194,0.063699,299.391144
195,0.073152,262.047211
196,0.065542,293.971283
197,0.064077,302.229309
198,0.064403,302.223969
199,0.064371,303.901337
200,0.065126,301.886780
201,0.065146,303.306793
202,0.067430,294.487488
203,0.068998,289.219910
204,0.066707,300.627441
205,0.067974,296.469238
206,0.070118,288.806122
207,0.068870,295.466949
208,0.066938,305.467041
209,0.067936,302.424866
210,0.068064,303.300415
211,0.071251,291.112915
212,0.071482,291.549835
213,0.069421,301.620728
214,0.067226,312.932220
215,0.071565,295.331787
216,0.070310,301.998901
217,0.068838,309.884705
218,0.068179,314.322693
219,0.069414,310.145691
220,0.069325,311.964508
221,0.068467,317.307922
222,0.101606,214.784592
223,0.094547,231.860840
224,0.070464,312.501373
225,0.071552,309.123444
226,0.070413,315.520813
227,0.071283,313.047241
228,0.071866,311.878143
229,0.076813,293.071136
230,0.072358,312.471252
231,0.071354,318.249176
232,0.073536,310.141022
233,0.074726,306.515961
234,0.071603,321.258484
235,0.071674,322.314484
236,0.072198,321.333191
237,0.072678,320.563568
238,0.071526,327.100922
239,0.072122,325.764496
240,0.073024,323.085022
241,0.071750,330.190002
242,0.072794,326.808502
243,0.073882,323.326385
244,0.072486,330.905853
245,0.073414,328.062073
246,0.074003,326.780273
247,0.074925,324.072784
248,0.074573,326.920685
249,0.074266,329.596680
250,0.074234,331.063019
251,0.075072,328.675171
252,0.074368,333.108398
253,0.074387,334.343933
254,0.077965,320.262695
255,0.086291,290.499115
256,0.076186,330.322571
257,0.075885,332.927399
258,0.076736,330.515442
259,0.075821,335.801453
260,0.076186,335.483887
261,0.075891,338.080597
262,0.076755,335.555725
263,0.080141,322.606628
264,0.080346,323.007782
265,0.077798,334.846985
266,0.080339,325.480743
267,0.083162,315.616425
268,0.077286,340.881073
269,0.077613,340.714111
270,0.080544,329.535156
271,0.081178,328.174042
272,0.084698,315.695953
273,0.078573,341.555786
274,0.087213,308.845703
275,0.078285,345.323730
276,0.077965,348.001984
277,0.078682,346.080994
278,0.078835,346.653656
279,0.084326,325.245911
280,0.086208,319.287292
281,0.081952,337.068329
282,0.079642,348.081024
283,0.080710,344.689575
284,0.088019,317.184601
285,0.121293,230.983521
286,0.105971,265.307404
287,0.101062,279.166626
288,0.085613,330.692963
289,0.082317,345.128296
290,0.080998,351.959564
291,0.081286,351.921906
292,0.080755,355.454132
293,0.083142,346.430573
294,0.092307,313.099915
295,0.094656,306.369141
296,0.109555,265.601135
297,0.096454,302.695221
298,0.091642,319.664764
299,0.091616,320.827087
300,0.091501,322.305359
301,0.091782,322.387573
302,0.091155,325.684174
303,0.096685,308.074402
304,0.103686,288.219238
305,0.104877,285.885162
306,0.093133,322.990662
307,0.096538,312.617340
308,0.101338,298.779846
309,0.094790,320.453705
310,0.095091,320.473816
311,0.095424,320.386322
312,0.092934,330.026855
313,0.094675,324.996979
314,0.110074,280.425598
315,0.096122,322.151947
316,0.095859,324.059265
317,0.095539,326.173645
318,0.096525,323.861542
319,0.094810,330.757355
320,0.101472,310.009460
321,0.120506,261.859924
322,0.095814,330.366730
323,0.096723,328.278961
324,0.096301,330.739685
325,0.097184,328.745453
326,0.096346,332.626556
327,0.096717,332.366333
328,0.096614,333.736084
329,0.097299,332.397552
330,0.096019,337.852448
331,0.098720,329.605194
332,0.097197,335.781921
333,0.098861,331.124481
334,0.108691,302.080902
335,0.098803,333.307434
336,0.097958,337.185394
337,0.099168,334.063873
338,0.098534,337.209656
339,0.098182,339.419861
340,0.099347,336.429840
341,0.098662,339.761292
342,0.102112,329.246033
343,0.102278,329.671509
344,0.100685,335.865753
345,0.106112,319.614014
346,0.099738,341.026703
347,0.100128,340.678772
348,0.099341,344.367981
349,0.100589,341.072723
350,0.103718,331.729004
351,0.111757,308.748138
352,0.109050,317.314423
353,0.101299,342.562531
354,0.106336,327.260925
355,0.101914,342.426544
356,0.108794,321.675385
357,0.103014,340.675964
358,0.101613,346.342499
359,0.102739,343.502136
360,0.102944,343.773712
361,0.103002,344.535828
362,0.101997,348.893768
363,0.103334,345.328857
364,0.103891,344.424286
365,0.104032,344.903137
366,0.103770,346.722595
367,0.103373,349.004456
368,0.104205,347.161285
369,0.103488,350.515808
370,0.105082,346.135559
371,0.104435,349.219299
372,0.104173,351.042572
373,0.104083,352.289246
374,0.103597,354.892181
375,0.105517,349.366150
376,0.105453,350.510406
377,0.105120,352.555237
378,0.104365,356.048340
379,0.106662,349.300385
380,0.105062,355.555603
381,0.105178,356.100769
382,0.106970,351.054230
383,0.105824,355.783447
384,0.134918,279.789368
385,0.117946,320.885559
386,0.101594,373.501343
387,0.098477,386.320892
388,0.100883,378.080322
389,0.099194,385.511353
390,0.098861,387.803467
391,0.099238,387.318451
392,0.100557,383.217896
393,0.099251,389.249451
394,0.107936,358.840179
395,0.105261,368.894012
396,0.170278,228.616104
397,0.140166,278.431122
398,0.124390,314.533844
399,0.124237,315.713989
400,0.105062,374.268982
401,0.102605,384.191589
402,0.102464,385.678955
403,0.101888,388.824188
404,0.103213,384.785767
405,0.102714,387.612946
406,0.105370,378.775543
407,0.107757,371.296570
408,0.107123,374.410278
409,0.106957,375.911926
410,0.105261,382.902649
411,0.104755,385.689148
412,0.105798,382.815369
413,0.104947,386.856964
414,0.104499,389.456146
415,0.105344,387.266113
416,0.105018,389.405792
417,0.105222,389.582123
418,0.106195,386.939087
419,0.105037,392.142303
420,0.104723,394.255341
421,0.107123,386.340027
422,0.105517,393.153381
423,0.113446,366.539551
424,0.112781,369.574402
425,0.112019,372.964630
426,0.106720,392.405365
427,0.106330,394.770691
428,0.121030,347.632568
429,0.131078,321.734314
430,0.114022,370.722961
431,0.113754,372.463135
432,0.114394,371.238708
433,0.178682,238.220566
434,0.164102,259.983612
435,0.119930,356.561188
436,0.107693,397.988983
437,0.109101,393.753723
438,0.108461,396.983551
439,0.112090,385.008575
440,0.113600,380.754913
441,0.109952,394.281738
442,0.112346,386.756287
443,0.112410,387.410583
444,0.124595,350.310242
445,0.110637,395.395355
446,0.111002,394.981567
447,0.111795,393.057007
448,0.110214,399.586548
449,0.120288,366.940155
450,0.109203,405.087036
451,0.110182,402.379181
452,0.111008,400.272125
453,0.110342,403.577484
454,0.115834,385.294220
455,0.115565,387.041046
456,0.112582,398.167236
457,0.111731,402.080444
458,0.112250,401.099274
459,0.113197,398.611389
460,0.112333,402.552429
461,0.112704,402.098816
462,0.114016,398.334015
463,0.112512,404.532410
464,0.113728,401.071472
465,0.113254,403.616608
466,0.112883,405.814728
467,0.114426,401.203644
468,0.113030,407.025604
469,0.115027,400.814545
470,0.117088,394.599609
471,0.113453,408.109680
472,0.115206,402.750946
473,0.113773,408.689911
474,0.113946,408.932800
475,0.114099,409.243927
476,0.115277,405.916046
477,0.114490,409.565674
478,0.119763,392.351868
479,0.123738,380.544128
480,0.117062,403.083466
481,0.116595,405.541779
482,0.119763,395.635132
483,0.120269,394.789276
484,0.118579,401.243530
485,0.119654,398.459564
486,0.117830,405.461975
487,0.118368,404.450897
488,0.118547,404.668793
489,0.118701,404.973297
490,0.121126,397.675171
491,0.122752,393.209595
492,0.127194,380.251587
493,0.121690,398.258148
494,0.119046,407.926453
495,0.119411,407.503448
496,0.120166,405.760559
497,0.120147,406.643616
498,0.126278,387.678223
499,0.124646,393.542816
500,0.121389,404.913757
501,0.119885,410.813568
502,0.122202,403.829468
503,0.120902,408.982056
504,0.122925,403.053040
505,0.122246,406.093933
506,0.122266,406.834167
507,0.121050,411.733093
508,0.121651,410.505066
509,0.122310,409.096344
510,0.124518,402.631592
511,0.124237,404.335449
512,0.127840,393.708130
513,0.123616,407.956512
514,0.123021,410.729401
515,0.123520,409.865295
516,0.122573,413.834595
517,0.123507,411.499695
518,0.123642,411.847443
519,0.124083,411.173920
520,0.124026,412.157501
521,0.124122,412.630737
522,0.124416,412.444458
523,0.124422,413.213318
524,0.125139,411.631958
525,0.124691,413.899292
526,0.125037,413.541504
527,0.125606,412.448822
528,0.124941,415.432861
529,0.126304,411.727386
530,0.130496,399.254547
531,0.129459,403.211334
532,0.125389,417.084534
533,0.125133,418.723419
534,0.127706,411.057434
535,0.130099,404.250275
536,0.127168,414.341217
537,0.125523,420.553741
538,0.124960,423.235870
539,0.128493,412.364380
540,0.128192,414.098816
541,0.125216,424.725800
542,0.126112,422.487640
543,0.125395,425.686737
544,0.125888,424.801208
545,0.133818,400.363495
546,0.130355,411.751740
547,0.128410,418.756012
548,0.134746,399.794769
549,0.130240,414.380310
550,0.164538,328.600891
551,0.142003,381.438599
552,0.146592,370.168976
553,0.130118,417.789581
554,0.132742,410.271484
555,0.130726,417.350433
556,0.129530,421.965485
557,0.135578,403.867096
558,0.128870,425.649536
559,0.142061,386.819824
560,0.139334,395.094391
561,0.141331,390.207855
562,0.131603,419.798645
563,0.130918,422.745422
564,0.130170,425.932434
565,0.132614,418.821472
566,0.131622,422.724915
567,0.132813,419.676178
568,0.131872,423.415680
569,0.130886,427.355133
570,0.132218,423.795929
571,0.133056,421.864349
572,0.137146,410.001404
573,0.140333,401.390106
574,0.178208,316.632812
575,0.172256,328.144104
576,0.171379,330.396606
577,0.133818,423.871063
578,0.134438,422.644958
579,0.134707,422.531372
580,0.137030,416.085205
581,0.135686,420.931091
582,0.138950,411.750732
583,0.133978,427.767242
584,0.140045,409.936920
585,0.134669,427.031647
586,0.134778,427.416351
587,0.137344,420.145386
588,0.152006,380.265259
589,0.135565,427.109802
590,0.138906,417.545166
591,0.136019,427.128418
592,0.136691,425.747742
593,0.136755,426.267334
594,0.137005,426.208282
595,0.142150,411.471802
596,0.136653,428.744843
597,0.137050,428.220795
598,0.136582,430.405304
599,0.136205,432.320282
600,0.138022,427.339355
601,0.141331,418.030182
602,0.138042,428.704163
603,0.137946,429.715118
604,0.137594,431.528931
605,0.138163,430.461334
606,0.138029,431.592712
607,0.138566,430.627686
608,0.140858,424.320953
609,0.139629,428.759216
610,0.141568,423.580444
611,0.139328,431.096008
612,0.145165,414.439636
613,0.140653,428.433350
614,0.140934,428.274841
615,0.141722,426.589630
616,0.141312,428.521729
617,0.140422,431.936554
618,0.141971,427.916870
619,0.140870,431.958557
620,0.140461,433.918060
621,0.155206,393.326416
622,0.143962,424.731903
623,0.148077,413.592072
624,0.141389,433.851166
625,0.144736,424.497009
626,0.145280,423.584137
627,0.146080,421.937347
628,0.157030,393.139893
629,0.142272,434.612701
630,0.142746,433.859406
631,0.145843,425.318604
632,0.224608,276.606934
633,0.159789,389.429230
634,0.180416,345.450195
635,0.155661,401.019684
636,0.145146,430.749115
637,0.144582,433.106934
638,0.150099,417.843323
639,0.154534,406.487152
640,0.167987,374.519958
641,0.145818,432.134796
642,0.143846,438.740021
643,0.145491,434.455597
644,0.144986,436.648712
645,0.143712,441.202393
646,0.147456,430.666656
647,0.144736,439.439331
648,0.146586,434.565155
649,0.156045,408.852448
650,0.146982,434.729584
651,0.148922,429.728851
652,0.150867,424.838593
653,0.149606,429.075958
654,0.179571,358.024109
655,0.196800,327.180481
656,0.165389,389.914124
657,0.177690,363.475006
658,0.173965,371.822510
659,0.153318,422.534637
660,0.148173,437.871429
661,0.156058,416.377960
662,0.148576,438.006500
663,0.155366,419.495819
664,0.188051,347.106842
665,0.164851,396.552490
666,0.149440,438.105347
667,0.148397,441.847626
668,0.154374,425.375427
669,0.153146,429.430450
670,0.173005,380.704346
671,0.154022,428.262238
672,0.148768,444.049011
673,0.148883,444.365753
674,0.148358,446.600220
675,0.152544,434.990570
676,0.154630,429.757080
677,0.151162,440.269287
678,0.162765,409.487244
679,0.151290,441.196350
680,0.154144,433.664093
681,0.155360,430.902588
682,0.153101,437.903168
683,0.156422,429.232819
684,0.153504,438.033722
685,0.151706,443.874420
686,0.153280,439.956604
687,0.153638,439.570129
688,0.156499,432.162933
689,0.154093,439.549805
690,0.153152,442.891754
691,0.162880,417.043579
692,0.153491,443.193878
693,0.152160,447.717346
694,0.158035,431.694794
695,0.154342,442.660431
696,0.156154,438.155640
697,0.157190,435.891052
698,0.154029,445.476379
699,0.153933,446.392822
700,0.154778,444.591461
701,0.155334,443.630676
702,0.191411,360.529663
703,0.189984,363.755402
704,0.177542,389.799957
705,0.156429,443.040710
706,0.159392,435.420990
707,0.158310,439.016815
708,0.159930,435.186676
709,0.158317,440.240906
710,0.158061,441.575897
711,0.158368,441.340057
712,0.158176,442.497284
713,0.158630,441.849426
714,0.157107,446.759033
715,0.159571,440.476471
716,0.158771,443.315063
717,0.159347,442.329498
718,0.159309,443.053223
719,0.167795,421.231232
720,0.215187,328.917664
721,0.194822,363.804077
722,0.160013,443.561310
723,0.181574,391.430695
724,0.197485,360.392792
725,0.190803,373.528320
726,0.161939,440.712952
727,0.162560,439.634613
728,0.164134,436.016510
729,0.161088,444.872406
730,0.165971,432.375763
731,0.167245,429.670898
732,0.161478,445.623291
733,0.162957,442.183624
734,0.162797,443.222076
735,0.162131,445.648010
736,0.163168,443.418701
737,0.161498,448.613800
738,0.162995,445.095062
739,0.163322,444.807434
740,0.161632,450.065338
741,0.165466,440.232056
742,0.164896,442.348938
743,0.165901,440.262329
744,0.163251,448.010071
745,0.164166,446.111237
746,0.162880,450.238098
747,0.166266,441.661316
748,0.164083,448.134796
749,0.165606,444.606598
750,0.165344,445.906708
751,0.168147,439.057556
752,0.165894,445.612396
753,0.170541,434.048126
754,0.167136,443.478455
755,0.167008,444.406982
756,0.168186,441.879852
757,0.166336,447.384430
758,0.170733,436.438904
759,0.172166,433.375732
760,0.167853,445.098541
761,0.170579,438.560730
762,0.167789,446.440125
763,0.168090,446.226013
764,0.167117,449.411743
765,0.167571,448.779785
766,0.168365,447.248291
767,0.167347,450.555328
768,0.167821,449.869598
769,0.168032,449.889160
770,0.167578,451.695709
771,0.169306,447.666168
772,0.168275,450.991486
773,0.168173,451.850647
774,0.168666,451.113281
775,0.167936,453.658539
776,0.167251,456.103790
777,0.167354,456.412109
778,0.170182,449.403198
779,0.169792,451.015472
780,0.167834,456.863953
781,0.169261,453.592438
782,0.168832,455.326782
783,0.206931,371.969177
784,0.209382,368.084106
785,0.219680,351.277466
786,0.178253,433.468323
787,0.180141,429.471039
788,0.174413,444.139130
789,0.185184,418.836700
790,0.179526,432.583466
791,0.190016,409.220612
792,0.193933,401.462616
793,0.203072,383.878998
794,0.219546,355.522369
795,0.196813,397.086395
796,0.178765,437.725922
797,0.179494,436.494293
798,0.175507,446.970795
799,0.176230,445.694366
800,0.175898,447.096497
801,0.181139,434.701630
802,0.177146,445.056549
803,0.174624,452.046204
804,0.177325,445.715515
805,0.176448,448.487457
806,0.187264,423.108704
807,0.176768,448.787781
808,0.180058,441.134521
809,0.174874,454.773804
810,0.176781,450.423553
811,0.176070,452.799225
812,0.184531,432.571045
813,0.178746,447.122345
814,0.184851,432.885773
815,0.183962,435.513489
816,0.178522,449.335358
817,0.176902,454.003876
818,0.183917,437.223083
819,0.179930,447.458252
820,0.177626,453.815674
821,0.174592,462.263885
822,0.176115,458.824036
823,0.176890,457.371063
824,0.176685,458.457611
825,0.177997,455.630676
826,0.178605,454.630005
827,0.178438,455.604919
828,0.177152,459.468201
829,0.177114,460.122864
830,0.185670,439.447083
831,0.177722,459.654968
832,0.178336,458.622620
833,0.179270,456.780518
834,0.178701,458.786652
835,0.179232,457.975311
836,0.182067,451.383575
837,0.179834,457.536560
838,0.180026,457.594635
839,0.180922,455.871796
840,0.181478,455.014771
841,0.180051,459.167511
842,0.180838,457.712341
843,0.182470,454.157318
844,0.181280,457.681915
845,0.182451,455.282715
846,0.181754,457.571014
847,0.183898,452.770935
848,0.180851,460.941315
849,0.183142,455.711517
850,0.185414,450.657532
851,0.187002,447.358185
852,0.184019,455.142761
853,0.183226,457.650635
854,0.183680,457.053619
855,0.185606,452.839569
856,0.185510,453.603821
857,0.187840,448.501526
858,0.185850,453.833832
859,0.190765,442.655731
860,0.185178,456.542450
861,0.185587,456.064575
862,0.188109,450.473633
863,0.189050,448.751831
864,0.187366,453.307831
865,0.185114,459.355560
866,0.186451,456.587372
867,0.185229,460.131317
868,0.187853,454.227356
869,0.185773,459.842194
870,0.228973,373.513672
871,0.224346,381.655731
872,0.185965,460.953308
873,0.194195,441.923401
874,0.186477,460.742004
875,0.186874,460.289734
876,0.189690,453.974823
877,0.186176,463.070496
878,0.186810,462.026093
879,0.186906,462.314758
880,0.185824,465.534729
881,0.187411,462.116577
882,0.188115,460.909729
883,0.187008,464.164276
884,0.187290,463.991272
885,0.188000,462.760834
886,0.187814,463.741577
887,0.193146,451.450348
888,0.189139,461.532837
889,0.189286,461.693268
890,0.196589,445.043488
891,0.188672,464.238800
892,0.189216,463.423645
893,0.234035,375.095154
894,0.223462,393.282196
895,0.227264,387.136017
896,0.198272,444.240173
897,0.189773,464.653992
898,0.191174,461.761536
899,0.190560,463.766266
900,0.190202,465.156982
901,0.191949,461.435059
902,0.189293,468.428833
903,0.197485,449.495422
904,0.198202,448.365784
905,0.197510,450.432556
906,0.190400,467.770050
907,0.191418,465.796906
908,0.193837,460.490631
909,0.192947,463.123230
910,0.194733,459.381500
911,0.192352,465.578461
912,0.195552,458.462433
913,0.199309,450.314056
914,0.193395,464.591949
915,0.198566,452.987823
916,0.200186,449.814880
917,0.196275,459.277405
918,0.196998,458.090424
919,0.195238,462.723419
920,0.196915,459.282379
921,0.197306,458.871826
922,0.284461,318.624878
923,0.229446,395.450043
924,0.225069,403.578339
925,0.198253,458.662933
926,0.197011,462.052429
927,0.195123,467.027008
928,0.197491,461.924957
929,0.198080,461.048126
930,0.198259,461.127228
931,0.197498,463.403198
932,0.196998,465.076508
933,0.203482,450.741638
934,0.198496,462.558075
935,0.205837,446.539398
936,0.205446,447.866394
937,0.200678,458.997345
938,0.211616,435.738098
939,0.198035,466.116425
940,0.202214,456.969238
941,0.200582,461.177399
942,0.201907,458.638245
943,0.237722,389.954773
944,0.201843,459.757721
945,0.217587,426.942780
946,0.221024,420.748810
947,0.208365,446.783173
948,0.199622,466.842377
949,0.208979,446.410431
950,0.252646,369.642334
951,0.217914,429.009949
952,0.201344,464.803589
953,0.210752,444.521088
954,0.221133,424.098175
955,0.212973,440.808960
956,0.202355,464.424072
957,0.209446,449.169464
958,0.204986,459.423676
959,0.211942,444.807373
960,0.214298,440.377472
961,0.213555,442.368774
962,0.233754,404.564697
963,0.205261,461.202301
964,0.206790,458.266205
965,0.204358,464.200958
966,0.205478,462.149139
967,0.203661,466.756317
968,0.203533,467.532898
969,0.207552,458.952850
970,0.208365,457.634308
971,0.286925,332.676697
972,0.210701,453.493713
973,0.216352,442.102661
974,0.206598,463.450317
975,0.205926,465.440033
976,0.206035,465.671387
977,0.209434,458.584564
978,0.205594,467.627960
979,0.208026,462.633514
980,0.227469,423.521454
981,0.207552,464.636444
982,0.206829,466.736389
983,0.207232,466.302673
984,0.207098,467.079926
985,0.206976,467.829285
986,0.206611,469.131134
987,0.209882,462.289398
988,0.211296,459.660187
989,0.207501,468.541138
990,0.210061,463.299042
991,0.206336,472.138977
992,0.207514,469.933380
993,0.208186,468.888702
994,0.207258,471.462463
995,0.208237,469.717590
996,0.207366,472.163147
997,0.257549,380.545685
998,0.246061,398.712036
999,0.210106,467.411102
1000,0.209971,468.178528
1001,0.210170,468.204285
1002,0.209747,469.615845
1003,0.209888,469.769226
1004,0.209184,471.820099
1005,0.209395,471.813660
1006,0.212013,466.452148
1007,0.219002,452.015533
1008,0.217478,455.633392
1009,0.211872,468.154022
1010,0.216800,457.966034
1011,0.212544,467.598938
1012,0.212416,468.343445
1013,0.213216,467.047302
1014,0.214317,465.107056
1015,0.210509,473.987610
1016,0.216320,461.708862
1017,0.215987,462.875427
1018,0.212589,470.737305
1019,0.214022,468.043427
1020,0.212205,472.515564
1021,0.212819,471.613403
1022,0.217536,461.839355
1023,0.233043,431.529419
1024,0.238918,421.329193
1025,0.249152,404.418213
1026,0.231469,435.738617
1027,0.215424,468.648804
1028,0.216109,467.618683
1029,0.214515,471.550781
1030,0.213446,474.372559
1031,0.213811,474.022980
1032,0.217229,467.017853
1033,0.215706,470.771454
1034,0.215360,471.983368
1035,0.217178,468.485870
1036,0.214726,474.291748
1037,0.215219,473.662445
1038,0.214637,475.405670
1039,0.218438,467.582001
1040,0.217555,469.932068
1041,0.217306,470.924225
1042,0.218310,469.207001
1043,0.216666,473.222656
1044,0.217510,471.836670
1045,0.217491,472.330292
1046,0.216646,474.625885
1047,0.217376,473.485016
1048,0.217120,474.496094
1049,0.231802,444.867065
1050,0.253645,406.943878
1051,0.261459,395.157257
1052,0.220000,470.071869
1053,0.222394,465.454529
1054,0.222426,465.829529
1055,0.223661,463.696472
1056,0.219456,473.028870
1057,0.218995,474.473053
1058,0.219296,474.270508
1059,0.223174,466.468964
1060,0.218797,476.251190
1061,0.221645,470.575226
1062,0.227814,458.262726
1063,0.226253,461.860168
1064,0.220051,475.323273
1065,0.220250,475.341400
1066,0.225376,464.965485
1067,0.220397,475.916016
1068,0.229101,458.264099
1069,0.224205,468.709747
1070,0.226189,465.033081
1071,0.220621,477.215149
1072,0.220422,478.090668
1073,0.224493,469.859985
1074,0.232051,454.979309
1075,0.245971,429.630768
1076,0.253811,416.747162
1077,0.236768,447.160950
1078,0.225018,470.948578
1079,0.239853,442.229614
1080,0.234854,452.060150
1081,0.223507,475.450531
1082,0.229178,464.115723
1083,0.228602,465.715149
1084,0.223770,476.210907
1085,0.223782,476.623016
1086,0.226112,472.147156
1087,0.228134,468.392487
1088,0.231142,462.722382
1089,0.228064,469.399139
1090,0.227200,471.616913
1091,0.232442,461.404785
1092,0.225261,476.549683
1093,0.224346,478.931946
1094,0.227283,473.174347
1095,0.227072,474.047363
1096,0.225050,478.744202
1097,0.224890,479.521881
1098,0.224915,479.904419
1099,0.227219,475.470825
1100,0.225254,480.054565
1101,0.229075,472.476746
1102,0.224186,483.220215
1103,0.225882,480.027191
1104,0.260634,416.399139
1105,0.282080,385.089050
1106,0.283258,383.835175
1107,0.264960,410.713043
1108,0.235910,461.704224
1109,0.230310,473.357422
1110,0.232294,469.737732
1111,0.229306,476.289062
1112,0.230630,473.979370
1113,0.229536,476.667480
1114,0.228646,478.952026
1115,0.229792,476.992065
1116,0.228928,479.221680
1117,0.240467,456.634308
1118,0.229658,478.555328
1119,0.235130,467.836365
1120,0.235693,467.135498
1121,0.233613,471.715515
1122,0.230720,478.056030
1123,0.232794,474.220062
1124,0.230976,478.377411
1125,0.236141,468.330750
1126,0.231270,478.618561
1127,0.232947,475.595367
1128,0.230771,480.505829
1129,0.232890,476.557190
1130,0.233062,476.625641
1131,0.232851,477.480164
1132,0.232595,478.428284
1133,0.236506,470.933594
1134,0.236077,472.205383
1135,0.233466,477.907837
1136,0.231949,481.456848
1137,0.236992,471.626251
1138,0.233459,479.184174
1139,0.233344,479.842010
1140,0.233907,479.106873
1141,0.235123,477.047180
1142,0.235110,477.491272
1143,0.233446,481.315918
1144,0.237926,472.666260
1145,0.235270,478.420044
1146,0.234298,480.826050
1147,0.238803,472.165741
1148,0.240736,468.783173
1149,0.235373,479.882507
1150,0.242944,465.331909
1151,0.235270,480.927032
1152,0.235232,481.423431
1153,0.234752,482.826630
1154,0.234842,483.060974
1155,0.237715,477.635101
1156,0.234483,484.637817
1157,0.237216,479.469055
1158,0.239130,476.043274
1159,0.237754,479.211853
1160,0.237568,480.000031
1161,0.237261,481.035858
1162,0.237664,480.633331
1163,0.236736,482.932648
1164,0.236890,483.034515
1165,0.237600,482.003998
1166,0.241107,475.400421
1167,0.237594,482.844513
1168,0.237638,483.167175
1169,0.248595,462.267090
1170,0.240755,477.728760
1171,0.241453,476.755615
1172,0.239130,481.798553
1173,0.271283,425.056122
1174,0.268998,429.031891
1175,0.281082,410.938324
1176,0.321504,359.577179
1177,0.281901,410.441589
1178,0.245331,472.023590
1179,0.241971,478.984314
1180,0.333075,348.265869
1181,0.242074,479.593903
1182,0.243725,476.748077
1183,0.242470,479.619873
1184,0.243162,478.660828
1185,0.246490,472.596954
1186,0.246746,472.505035
1187,0.247853,470.790924
1188,0.262566,444.783325
1189,0.249920,467.683533
1190,0.247891,471.907654
1191,0.243085,481.642914
1192,0.262042,447.174744
1193,0.259802,451.408600
1194,0.253606,462.823395
1195,0.248346,473.023376
1196,0.250522,469.307159
1197,0.252218,466.541168
1198,0.246131,478.477264
1199,0.244941,481.204010
1200,0.261280,451.488068
1201,0.248960,474.225159
1202,0.247654,477.122192
1203,0.247219,478.359741
1204,0.249402,474.567963
1205,0.247840,477.954803
1206,0.248269,477.525269
1207,0.247418,479.565430
1208,0.246259,482.220520
1209,0.246720,481.718292
1210,0.246240,483.056549
1211,0.246022,483.883362
1212,0.246342,483.653870
1213,0.245978,484.770782
1214,0.247456,482.271820
1215,0.250182,477.409088
1216,0.249043,479.987671
1217,0.247341,483.688782
1218,0.246976,484.801270
1219,0.249075,481.110016
1220,0.248320,482.969116
1221,0.248269,483.464630
1222,0.249933,480.639130
1223,0.249062,482.713562
1224,0.248416,484.365326
1225,0.249658,482.350250
1226,0.252006,478.244598
1227,0.252122,478.416016
1228,0.250733,481.457977
1229,0.251533,480.317505
1230,0.250266,483.142395
1231,0.251232,481.675201
1232,0.249920,484.597229
1233,0.250938,483.023773
1234,0.252083,481.218628
1235,0.250989,483.708618
1236,0.250733,484.594513
1237,0.252326,481.923615
1238,0.250906,485.044373
1239,0.251936,483.450806
1240,0.252915,481.967712
1241,0.294182,414.692627
1242,0.287206,425.107391
1243,0.261946,466.478027
1244,0.265907,459.897949
1245,0.263859,463.840088
1246,0.252934,484.263062
1247,0.256045,478.764221
1248,0.268819,456.378845
1249,0.253312,484.705414
1250,0.258643,475.094635
1251,0.253498,485.126038
1252,0.254592,483.426849
1253,0.260493,472.853485
1254,0.253574,486.142181
1255,0.257453,479.200562
1256,0.259315,476.138031
1257,0.254285,485.943817
1258,0.262694,470.761566
1259,0.258925,477.994934
1260,0.259795,476.771881
1261,0.256256,483.740234
1262,0.256301,484.039246
1263,0.260768,476.124207
1264,0.255488,486.348694
1265,0.258355,481.331757
1266,0.258509,481.426086
1267,0.256294,485.969147
1268,0.255539,487.789948
1269,0.256582,486.189911
1270,0.263091,474.535370
1271,0.260070,480.425262
1272,0.263686,474.209869
1273,0.259488,482.261169
1274,0.262509,477.086060
1275,0.298106,420.446930
1276,0.296154,423.550140
1277,0.274157,457.891998
1278,0.261587,480.270111
1279,0.259853,483.854004
1280,0.260141,483.696198
1281,0.260218,483.931213
1282,0.262688,479.754395
1283,0.266656,472.984009
1284,0.260147,485.195801
1285,0.264141,478.232239
1286,0.260179,485.891785
1287,0.261434,483.936432
1288,0.265344,477.175110
1289,0.260883,485.711090
1290,0.260326,487.127502
1291,0.266656,475.933258
1292,0.263987,481.117126
1293,0.262170,484.827667
1294,0.261082,487.224579
1295,0.260582,488.535248
1296,0.260205,489.621979
1297,0.261971,486.695801
1298,0.261075,488.742676
1299,0.266438,479.273621
1300,0.266170,480.126953
1301,0.262701,486.840881
1302,0.261037,490.320923
1303,0.261306,490.192749
1304,0.262528,488.284729
1305,0.265389,483.391571
1306,0.262970,488.212433
1307,0.261146,491.998840
1308,0.262157,490.476074
1309,0.265517,484.639496
1310,0.267053,482.220154
1311,0.267891,481.077881
1312,0.268966,479.520294
1313,0.264064,488.794922
1314,0.266202,485.239258
1315,0.270925,477.142578
1316,0.265459,487.336945
1317,0.271565,476.742126
1318,0.276794,468.091339
1319,0.268262,483.343842
1320,0.266918,486.145905
1321,0.270240,480.534332
1322,0.268192,484.570343
1323,0.266438,488.128510
1324,0.267494,486.569031
1325,0.268826,484.525299
1326,0.267174,487.887665
1327,0.267750,487.205261
1328,0.274624,475.368927
1329,0.268640,486.323792
1330,0.271968,480.734253
1331,0.270944,482.913910
1332,0.267526,489.450470
1333,0.268365,488.287659
1334,0.273645,479.225372
1335,0.268102,489.498871
1336,0.268275,489.550079
1337,0.274106,479.495667
1338,0.269478,488.093842
1339,0.267795,491.528870
1340,0.269030,489.637482
1341,0.268090,491.722412
1342,0.268826,490.741852
1343,0.269670,489.569031
1344,0.269389,490.445648
1345,0.275654,479.654572
1346,0.273766,483.321533
1347,0.269645,491.073761
1348,0.270509,489.868652
1349,0.270182,490.824341
1350,0.269600,492.249237
1351,0.269965,491.948242
1352,0.270541,491.264191
1353,0.269875,492.840057
1354,0.271590,490.089539
1355,0.277235,480.465393
1356,0.280051,475.985229
1357,0.272365,489.778900
1358,0.274938,485.553192
1359,0.271987,491.181702
1360,0.276755,483.074707
1361,0.276480,483.911072
1362,0.278451,480.838470
1363,0.274010,488.991425
1364,0.278227,481.932281
1365,0.276717,484.917999
1366,0.274413,489.347656
1367,0.278042,483.314606
1368,0.275917,487.392853
1369,0.275520,488.451569
1370,0.279552,481.758209
1371,0.274099,491.700745
1372,0.275283,489.943054
1373,0.275962,489.094879
1374,0.275078,491.022522
1375,0.276813,488.301147
1376,0.275270,491.394348
1377,0.276723,489.169708
1378,0.275341,491.982727
1379,0.275488,492.076691
1380,0.275731,491.999146
1381,0.277299,489.571594
1382,0.275514,493.101379
1383,0.275162,494.089417
1384,0.275859,493.196350
1385,0.276634,492.171021
1386,0.276435,492.879883
1387,0.277530,491.290466
1388,0.279450,488.266785
1389,0.277254,492.487244
1390,0.304730,448.405914
1391,0.314195,435.209930
1392,0.309011,442.829163
1393,0.299277,457.561279
1394,0.279974,489.458221
1395,0.280000,489.764526
1396,0.283667,483.779510
1397,0.279526,491.297729
1398,0.279142,492.325745
1399,0.284640,483.162201
1400,0.280390,490.835602
1401,0.283795,485.293304
1402,0.282074,488.603729
1403,0.282560,488.110504
1404,0.280544,491.968536
1405,0.290138,476.040070
1406,0.292826,472.005920
1407,0.286861,482.163239
1408,0.285843,484.223633
1409,0.299962,461.760223
1410,0.291168,476.043457
1411,0.291290,476.182220
1412,0.281734,492.681213
1413,0.283949,489.185181
1414,0.283110,490.981079
1415,0.281197,494.671967
1416,0.341203,407.963562
1417,0.309440,450.157623
1418,0.327366,425.807495
1419,0.320563,435.150909
1420,0.323603,431.366791
1421,0.283878,492.076843
1422,0.282989,493.971069
1423,0.289056,483.942871
1424,0.309619,452.119568
1425,0.297510,470.851471
1426,0.285190,491.536530
1427,0.285594,491.186798
1428,0.289139,485.503540
1429,0.285056,492.802826
1430,0.284205,494.624756
1431,0.287539,489.230804
1432,0.290918,483.885925
1433,0.289811,486.073822
1434,0.285338,494.039124
1435,0.286298,492.725861
1436,0.290906,485.258911
1437,0.286170,493.633270
1438,0.286618,493.204712
1439,0.288922,489.611908
1440,0.286304,494.431671
1441,0.286509,494.421326
1442,0.297139,477.063782
1443,0.291315,486.938782
1444,0.289946,489.577972
1445,0.296800,478.602722
1446,0.333888,425.734344
1447,0.324589,438.234100
1448,0.326118,436.480103
1449,0.303686,469.044678
1450,0.291750,488.571106
1451,0.290125,491.647339
1452,0.293728,485.950989
1453,0.290656,491.425293
1454,0.293722,486.630920
1455,0.289478,494.103607
1456,0.294074,486.717041
1457,0.295661,484.436676
1458,0.289965,494.291901
1459,0.290330,494.009338
1460,0.291008,493.195557
1461,0.293677,489.048340
1462,0.293683,489.372375
1463,0.296032,485.821625
1464,0.292627,491.810272
1465,0.291878,493.408752
1466,0.292858,492.094696
1467,0.295232,488.469971
1468,0.335309,430.380219
1469,0.294822,489.815491
1470,0.294816,490.159576
1471,0.298061,485.153290
1472,0.292006,495.549011
1473,0.294304,492.014374
1474,0.297421,487.188843
1475,0.302944,478.631012
1476,0.294240,493.123657
1477,0.294406,493.178864
1478,0.294144,493.953033
1479,0.297773,488.263611
1480,0.297754,488.625183
1481,0.295699,492.352417
1482,0.294592,494.536621
1483,0.311738,467.652374
1484,0.299718,486.733978
1485,0.308704,472.884857
1486,0.316109,462.118561
1487,0.295398,494.850494
1488,0.296691,493.025604
1489,0.296064,494.402039
1490,0.297235,492.784729
1491,0.297107,493.327850
1492,0.301101,487.111206
1493,0.297786,492.864227
1494,0.305760,480.331573
1495,0.297466,494.055389
1496,0.308326,476.971069
1497,0.296352,496.575317
1498,0.296563,496.553131
1499,0.297894,494.664215
1500,0.297856,495.058014
1501,0.296614,497.461731
1502,0.297754,495.888580
1503,0.302413,488.573578
1504,0.301613,490.195435
1505,0.304454,485.943146
1506,0.302778,488.958954
1507,0.300915,492.311920
1508,0.305222,485.686615
1509,0.306291,484.312775
1510,0.300064,494.691223
1511,0.304499,487.808624
1512,0.308998,481.023987
1513,0.301754,492.898651
1514,0.299693,496.616028
1515,0.304346,489.346832
1516,0.300736,495.547119
1517,0.302630,492.770020
1518,0.304749,489.667175
1519,0.301523,495.231506
1520,0.300858,496.653839
1521,0.305722,489.073700
1522,0.302048,495.347382
1523,0.308294,485.629974
1524,0.301408,497.051514
1525,0.303757,493.531708
1526,0.304461,492.713379
1527,0.302547,496.154694
1528,0.304083,493.971771
1529,0.304576,493.495270
1530,0.307462,489.182159
1531,0.312160,482.135590
1532,0.304442,494.681793
1533,0.304646,494.671967
1534,0.312307,482.852570
1535,0.309664,487.291504
1536,0.308173,489.968445
1537,0.304288,496.546844
1538,0.309722,488.153107
1539,0.305920,494.540527
1540,0.304634,496.951599
1541,0.304678,497.201233
1542,0.305075,496.876678
1543,0.316179,479.737701
1544,0.308813,491.499634
1545,0.316467,479.922302
1546,0.310560,489.367523
1547,0.313958,484.383545
1548,0.306022,497.266235
1549,0.306170,497.348175
1550,0.305453,498.837158
1551,0.329766,462.356049
1552,0.340109,448.585297
1553,0.341728,446.747437
1554,0.337946,452.038483
1555,0.315226,484.931213
1556,0.307725,497.070831
1557,0.307418,497.887390
1558,0.306912,499.027832
1559,0.308019,497.553162
1560,0.309600,495.330200
1561,0.310880,493.606995
1562,0.308435,497.838287
1563,0.314797,488.089935
1564,0.310560,495.065247
1565,0.309952,496.353455
1566,0.313395,491.213837
1567,0.308371,499.535492
1568,0.311174,495.351410
1569,0.310150,497.303802
1570,0.320915,480.928589
1571,0.311648,495.544952
1572,0.315315,490.093384
1573,0.311322,496.696075
1574,0.310464,498.384674
1575,0.310707,498.310974
1576,0.315398,491.210815
1577,0.313178,495.007935
1578,0.310982,498.818298
1579,0.313990,494.352783
1580,0.316230,491.161896
1581,0.334950,464.004913
1582,0.355680,437.238342
1583,0.350803,443.596954
1584,0.339930,458.075867
1585,0.350906,444.027802
1586,0.315898,493.546448
1587,0.313862,497.059998
1588,0.314502,496.361053
1589,0.314810,496.188965
1590,0.314214,497.441742
1591,0.314765,496.884216
1592,0.314362,497.834229
1593,0.315290,496.680756
1594,0.315002,497.446960
1595,0.318790,491.843170
1596,0.315514,497.262817
1597,0.317792,494.007050
1598,0.323386,485.766205
1599,0.345158,455.408569
1600,0.350413,448.860321
1601,0.345926,454.965820
1602,0.344582,457.025726
1603,0.333894,471.949554
1604,0.318957,494.360413
1605,0.317325,497.212677
1606,0.316870,498.235962
1607,0.317050,498.264404
1608,0.317491,497.880981
1609,0.316198,500.227478
1610,0.317056,499.184509
1611,0.324160,488.548096
1612,0.320640,494.217957
1613,0.341830,463.868500
1614,0.364461,435.335266
1615,0.355488,446.600037
1616,0.359853,441.456207
1617,0.369453,430.251343
1618,0.323718,491.340240
1619,0.319955,497.426453
1620,0.321050,496.036987
1621,0.322925,493.460968
1622,0.324198,491.825623
1623,0.341440,467.277985
1624,0.326342,489.196899
1625,0.321402,497.023041
1626,0.328954,485.911407
1627,0.320237,499.444794
1628,0.324141,493.732666
1629,0.321901,497.473816
1630,0.334189,479.476013
1631,0.325050,493.259583
1632,0.323795,495.474121
1633,0.322541,497.705780
1634,0.324288,495.327454
1635,0.329901,487.198059
1636,0.321747,499.850006
1637,0.322963,498.272339
1638,0.323424,497.866425
1639,0.326534,493.425018
1640,0.324915,496.186584
1641,0.323629,498.462646
1642,0.325786,495.464447
1643,0.323578,499.149139
1644,0.322790,500.670959
1645,0.322771,501.005249
1646,0.328205,493.010406
1647,0.325677,497.139099
1648,0.328774,492.754303
1649,0.326746,496.114716
1650,0.325971,497.594910
1651,0.328890,493.478363
1652,0.326464,497.445984
1653,0.331910,489.579437
1654,0.330323,492.229492
1655,0.326278,498.632782
1656,0.328416,495.686615
1657,0.326208,499.343109
1658,0.327283,498.003052
1659,0.332646,490.269318
1660,0.326029,500.522186
1661,0.327206,499.021271
1662,0.327270,499.224060
1663,0.327290,499.495087
1664,0.328909,497.335022
1665,0.331731,493.399902
1666,0.336474,486.737915
1667,0.328179,499.339264
1668,0.329907,497.021790
1669,0.329146,498.470490
1670,0.329235,498.633453
1671,0.334886,490.512543
1672,0.339021,484.820679
1673,0.330970,496.911438
1674,0.330048,498.596863
1675,0.330630,498.015930
1676,0.330611,498.342224
1677,0.339283,485.894409
1678,0.342298,481.902618
1679,0.334534,493.379486
1680,0.329798,500.762634
1681,0.330483,500.022461
1682,0.330534,500.242432
1683,0.330400,500.743439
1684,0.329766,502.003601
1685,0.330714,500.863098
1686,0.333350,497.196136
1687,0.329971,502.585846
1688,0.342035,485.146423
1689,0.339763,488.679901
1690,0.338874,490.252838
1691,0.354976,468.290985
1692,0.349926,475.329559
1693,0.337133,493.659088
1694,0.338374,492.138184
1695,0.332992,500.388245
1696,0.337453,494.064911
1697,0.339258,491.726318
1698,0.366195,455.822998
1699,0.379418,440.197021
1700,0.336224,497.040039
1701,0.335597,498.261871
1702,0.334797,499.746155
1703,0.333811,501.516113
1704,0.333683,502.003113
1705,0.333978,501.854950
1706,0.338451,495.511963
1707,0.334534,501.607330
1708,0.334374,502.141357
1709,0.336410,499.395782
1710,0.334342,502.777527
1711,0.340602,493.826599
1712,0.336102,500.729675
1713,0.335584,501.796112
1714,0.336448,500.799683
1715,0.335878,501.941650
1716,0.335226,503.212341
1717,0.336045,502.278198
1718,0.338810,498.469604
1719,0.338131,499.760406
1720,0.335878,503.405029
1721,0.336365,502.969330
1722,0.339258,498.970337
1723,0.338554,500.298279
1724,0.343629,493.195221
1725,0.336877,503.372192
1726,0.337293,503.042816
1727,0.337555,502.942993
1728,0.338970,501.134338
1729,0.342899,495.678101
1730,0.344320,493.918213
1731,0.338912,502.089722
1732,0.337862,503.940430
1733,0.338752,502.907288
1734,0.346605,491.796814
1735,0.341670,499.187073
1736,0.342938,497.629150
1737,0.340288,501.792725
1738,0.343642,497.181793
1739,0.343386,497.838684
1740,0.340934,501.706329
1741,0.339987,503.393219
1742,0.341446,501.529907
1743,0.339853,504.170837
1744,0.340672,503.247070
1745,0.343117,499.947754
1746,0.345446,496.860809
1747,0.342355,501.634247
1748,0.343200,500.685913
1749,0.342278,502.321167
1750,0.342042,502.956390
1751,0.341805,503.592407
1752,0.348102,494.764221
1753,0.342726,502.811890
1754,0.346067,498.242035
1755,0.345805,498.904327
1756,0.342630,503.813538
1757,0.346054,499.112640
1758,0.344000,502.379150
1759,0.343046,504.062256
1760,0.343110,504.254700
1761,0.345747,500.693451
1762,0.343501,504.253998
1763,0.344301,503.367828
1764,0.344672,503.110901
1765,0.344826,503.171936
1766,0.346381,501.196564
1767,0.350790,495.176514
1768,0.344493,504.514099
1769,0.350835,495.673676
1770,0.346317,502.424591
1771,0.345632,503.704437
1772,0.346285,503.038788
1773,0.346054,503.657776
1774,0.349024,499.654175
1775,0.346963,502.905212
1776,0.351283,497.000397
1777,0.347462,502.748535
1778,0.347725,502.651855
1779,0.346918,504.103607
1780,0.346342,505.225830
1781,0.347098,504.409760
1782,0.347763,503.727020
1783,0.348582,502.825226
1784,0.351104,499.493988
1785,0.348915,502.909149
1786,0.348691,503.514160
1787,0.349011,503.334106
1788,0.351354,500.258270
1789,0.350336,501.991943
1790,0.349062,504.105194
1791,0.353005,498.753723
1792,0.351206,501.587585
1793,0.348928,505.144531
1794,0.352634,500.115082
1795,0.348947,505.680176
1796,0.355373,496.813446
1797,0.352051,501.780121
1798,0.352115,501.968079
1799,0.350918,503.960205
1800,0.350938,504.212738
1801,0.356218,497.015045
1802,0.349549,506.778442
1803,0.350451,505.754028
1804,0.350906,505.379272
1805,0.351834,504.325653
1806,0.352909,503.067719
1807,0.351104,505.933624
1808,0.353709,502.485748
1809,0.352691,504.214233
1810,0.372256,477.978180
1811,0.368531,483.075897
1812,0.389638,457.159424
1813,0.405594,439.418030
1814,0.397664,448.427460
1815,0.366285,487.112122
1816,0.360384,495.360687
1817,0.355354,502.649689
1818,0.354733,503.806488
1819,0.361357,494.843262
1820,0.363936,491.606415
1821,0.370682,482.925476
1822,0.356749,502.061646
1823,0.356749,502.337219
1824,0.355456,504.440765
1825,0.364576,492.091644
1826,0.359590,499.187714
1827,0.357056,503.006287
1828,0.357414,502.776917
1829,0.358950,500.899323
1830,0.357933,502.598022
1831,0.357005,504.179810
1832,0.357587,503.633606
1833,0.362509,497.067139
1834,0.359526,501.463989
1835,0.357658,504.359009
1836,0.361331,499.503387
1837,0.358874,503.197937
1838,0.387066,466.801361
1839,0.402259,449.414337
1840,0.394778,458.180420
1841,0.376422,480.783447
1842,0.361824,500.453217
1843,0.387789,467.198273
1844,0.390272,464.477539
1845,0.371200,488.606903
1846,0.360851,502.891968
1847,0.370656,489.854492
1848,0.360211,504.331329
1849,0.359949,504.972076
1850,0.386016,471.126617
1851,0.361677,503.103027
1852,0.366419,496.859894
1853,0.360602,505.148376
1854,0.362650,502.566711
1855,0.361338,504.663544
1856,0.361901,504.149811
1857,0.362406,503.717712
1858,0.362432,503.953369
1859,0.362605,503.984344
1860,0.362362,504.593842
1861,0.363814,502.849091
1862,0.362778,504.557159
1863,0.367648,498.140472
1864,0.374630,489.118500
1865,0.364570,502.886017
1866,0.363488,504.652863
1867,0.373760,491.046570
1868,0.363878,504.651764
1869,0.369888,496.718384
1870,0.370669,495.937286
1871,0.365766,502.853149
1872,0.374451,491.452820
1873,0.365536,503.707947
1874,0.364883,504.878571
1875,0.365914,503.725525
1876,0.365376,504.735687
1877,0.364954,505.589264
1878,0.364250,506.836243
1879,0.366368,504.173981
1880,0.366963,503.624115
1881,0.365536,505.859406
1882,0.376294,491.657928
1883,0.384550,481.358063
1884,0.413530,447.863342
1885,0.375328,493.709595
1886,0.368294,503.405243
1887,0.369254,502.362701
1888,0.367686,504.772400
1889,0.368250,504.267365
1890,0.368346,504.402832
1891,0.370694,501.472015
1892,0.370726,501.693878
1893,0.371802,500.507446
1894,0.367955,506.006683
1895,0.369683,503.907349
1896,0.371341,501.922699
1897,0.369114,505.217621
1898,0.369606,504.809967
1899,0.368717,506.294525
1900,0.369184,505.920074
1901,0.373530,500.297424
1902,0.370022,505.305115
1903,0.369779,505.903290
1904,0.375104,498.983765
1905,0.370573,505.350403
1906,0.383494,488.579254
1907,0.371296,504.895660
1908,0.370515,506.224945
1909,0.374560,501.020752
1910,0.373344,502.915924
1911,0.371469,505.719330
1912,0.371872,505.435333
1913,0.384947,488.522949
1914,0.407974,461.190338
1915,0.404499,465.395630
1916,0.415520,453.288544
1917,0.409862,459.785492
1918,0.413235,456.270599
1919,0.403642,467.358582
1920,0.382554,493.378387
1921,0.373997,504.929413
1922,0.378138,499.660156
1923,0.374170,505.221680
1924,0.373875,505.882446
1925,0.374496,505.306305
1926,0.378035,500.835632
1927,0.376230,503.499481
1928,0.374131,506.587280
1929,0.390605,485.473846
1930,0.374259,506.939392
1931,0.380275,499.178040
1932,0.375994,505.123779
1933,0.374925,506.826019
1934,0.378771,501.938751
1935,0.375565,506.485779
1936,0.379616,501.339630
1937,0.379501,501.750824
1938,0.379174,502.442017
1939,0.375642,507.429016
1940,0.382330,498.809845
1941,0.378906,503.576782
1942,0.376640,506.866913
1943,0.381690,500.418854
1944,0.390003,490.003632
1945,0.379782,503.449585
1946,0.384013,498.159424
1947,0.378854,505.201660
1948,0.381946,501.370361
1949,0.378106,506.722198
1950,0.377222,508.169189
1951,0.377549,507.990265
1952,0.376928,509.087708
1953,0.382285,502.211212
1954,0.377696,508.573059
1955,0.384486,499.846893
1956,0.378157,508.473267
1957,0.384480,500.366516
1958,0.380685,505.613098
1959,0.387808,496.579590
1960,0.379936,507.127045
1961,0.380794,506.243103
1962,0.379597,508.098206
1963,0.389120,495.915802
1964,0.380627,507.239227
1965,0.380960,507.054108
1966,0.380224,508.294189
1967,0.386694,500.043365
1968,0.381306,507.368011
1969,0.381530,507.327759
1970,0.382118,506.803345
1971,0.385190,503.016663
1972,0.380749,509.142731
1973,0.380896,509.204071
1974,0.381696,508.394348
1975,0.380845,509.788727
1976,0.387392,501.426758
1977,0.384909,504.916992
1978,0.384077,506.266754
1979,0.384723,505.671600
1980,0.383027,508.167358
1981,0.389997,499.337982
1982,0.385229,505.773499
1983,0.383795,507.918884
1984,0.383430,508.658478
1985,0.383930,508.253174
1986,0.383686,508.831482
1987,0.403405,484.203583
1988,0.423430,461.535980
1989,0.421933,463.407104
1990,0.415072,471.303650
1991,0.404691,483.636047
1992,0.419693,466.583099
1993,0.437190,448.134003
1994,0.418758,468.093719
1995,0.388589,504.688995
1996,0.467232,419.951508
1997,0.420512,466.842987
1998,0.430272,456.481903
1999,0.423066,464.489929
2000,0.422502,465.341766
2001,0.419968,468.383972
2002,0.428858,458.904297
2003,0.424083,464.302582
2004,0.423354,465.334900
2005,0.430874,457.441589
2006,0.388525,507.555298
2007,0.417696,472.343842
2008,0.457786,431.194061
2009,0.432390,456.746368
2010,0.436506,452.665527
2011,0.391750,504.630859
2012,0.390605,506.362579
2013,0.405152,488.423950
2014,0.393504,503.131500
2015,0.392557,504.595886
2016,0.391251,506.531036
2017,0.389946,508.479065
2018,0.391763,506.370850
2019,0.390874,507.774811
2020,0.391514,507.195892
2021,0.392890,505.669769
2022,0.390566,508.929291
2023,0.393331,505.601868
2024,0.390323,509.750122
2025,0.396358,502.236359
2026,0.391046,509.310150
2027,0.393600,506.255615
2028,0.397613,501.393646
2029,0.392282,508.458252
2030,0.393709,506.864777
2031,0.393421,507.485718
2032,0.392346,509.126953
2033,0.393011,508.514862
2034,0.394656,506.644623
2035,0.394963,506.499420
2036,0.394938,506.781189
2037,0.394944,507.021851
2038,0.394547,507.780914
2039,0.394637,507.914734
2040,0.395590,506.938904
2041,0.397939,504.193756
2042,0.394541,508.785858
2043,0.399949,502.151947
2044,0.405389,495.655914
2045,0.396602,506.885681
2046,0.396179,507.674255
2047,0.400096,502.950012
2048,0.426816,471.694122
2049,0.403795,498.829376
2050,0.404883,497.731689
2051,0.396384,508.651978
2052,0.396960,508.161560
2053,0.396077,509.542877
2054,0.399622,505.268005
2055,0.402496,501.904907
2056,0.396474,509.776764
2057,0.397114,509.202728
2058,0.400224,505.490967
2059,0.402669,502.666046
2060,0.396698,510.480103
2061,0.401216,504.976196
2062,0.404192,501.501343
2063,0.407341,497.865997
2064,0.437043,464.254944
2065,0.410086,495.012177
2066,0.399725,508.089752
2067,0.406157,500.285492
2068,0.405318,501.562897
2069,0.402650,505.131470
2070,0.398502,510.635040
2071,0.398445,510.955505
2072,0.404006,504.165009
2073,0.399552,510.031708
2074,0.399309,510.588531
2075,0.400115,509.805176
2076,0.399936,510.279419
2077,0.404326,504.981598
2078,0.400301,510.305542
2079,0.400262,510.600067
2080,0.400346,510.739502
2081,0.400813,510.389435
2082,0.400090,511.557739
2083,0.402266,509.034882
2084,0.402554,508.914917
2085,0.401312,510.734375
2086,0.402189,509.865417
2087,0.400627,512.098145
2088,0.400941,511.942780
2089,0.405914,505.913239
2090,0.405914,506.155396
2091,0.402074,511.233887
2092,0.401478,512.236694
2093,0.424858,484.280609
2094,0.438701,469.223206
2095,0.440742,467.272675
2096,0.441101,467.115906
2097,0.430214,479.164551
2098,0.412294,500.229431
2099,0.408557,505.046295
2100,0.404390,510.492828
2101,0.417101,495.172150
2102,0.427424,483.442688
2103,0.443046,466.617767
2104,0.448896,460.756226
2105,0.436538,474.025421
2106,0.447181,462.963135
2107,0.457466,452.769623
2108,0.425005,487.582367
2109,0.419622,494.070679
2110,0.410413,505.397125
2111,0.412435,503.157196
2112,0.410406,505.884033
2113,0.406784,510.630585
2114,0.407258,510.278137
2115,0.406266,511.766113
2116,0.410656,506.534119
2117,0.407296,510.954102
2118,0.409491,508.455048
2119,0.411482,506.234528
2120,0.410394,507.816071
2121,0.408294,510.667786
2122,0.408243,510.972626
2123,0.413011,505.311676
2124,0.411757,507.089844
2125,0.407302,512.876953
2126,0.407482,512.892578
2127,0.413555,505.597809
2128,0.419494,498.673920
2129,0.417178,501.678955
2130,0.409357,511.503754
2131,0.411085,509.592712
2132,0.409094,512.312378
2133,0.411872,509.096100
2134,0.416518,503.652985
2135,0.412525,508.767090
2136,0.425901,493.019379
2137,0.454253,462.464172
2138,0.452000,464.986633
2139,0.453088,464.087036
2140,0.458541,458.782623
2141,0.419456,501.766235
2142,0.412762,510.142334
2143,0.411354,512.127441
2144,0.415917,506.745087
2145,0.411558,512.350342
2146,0.425389,495.923676
2147,0.458720,460.103485
2148,0.445632,473.837158
2149,0.459712,459.538391
2150,0.416941,506.915070
2151,0.412960,512.039673
2152,0.417542,506.655670
2153,0.415034,509.955139
2154,0.415232,509.948212
2155,0.414829,510.680786
2156,0.413754,512.245483
2157,0.414438,511.636292
2158,0.414867,511.344391
2159,0.413971,512.688599
2160,0.417280,508.858887
2161,0.417459,508.875946
2162,0.419021,507.214081
2163,0.426221,498.876526
2164,0.450029,472.702759
2165,0.509958,417.344177
2166,0.426138,499.665985
2167,0.447226,476.325104
2168,0.431904,493.450073
2169,0.422918,504.166687
2170,0.427411,499.097107
2171,0.427814,498.856476
2172,0.436173,489.522217
2173,0.467386,457.041473
2174,0.428768,498.434784
2175,0.426547,501.260345
2176,0.425786,502.387817
2177,0.425434,503.034607
2178,0.445562,480.530914
2179,0.432742,494.992889
2180,0.429056,499.474945
2181,0.427974,500.966980
2182,0.426957,502.391174
2183,0.428480,500.834656
2184,0.430963,498.176941
2185,0.430509,498.931122
2186,0.428518,501.477997
2187,0.429965,500.019684
2188,0.431469,498.504547
2189,0.428845,501.784027
2190,0.430816,499.716278
2191,0.429472,501.508942
2192,0.429005,502.284271
2193,0.429338,502.123901
2194,0.433677,497.326508
2195,0.429907,501.915924
2196,0.434221,497.156250
2197,0.430995,501.105133
2198,0.439219,491.946167
2199,0.435136,496.788361
2200,0.432979,499.490051
2201,0.433843,498.721893
2202,0.434298,498.426422
2203,0.433677,499.366638
2204,0.433568,499.718658
2205,0.433766,499.716675
2206,0.433914,499.773712
2207,0.434426,499.411011
2208,0.433536,500.662537
2209,0.434010,500.342682
2210,0.435699,498.628021
2211,0.434720,499.977356
2212,0.447814,485.577148
2213,0.482867,450.531189
2214,0.459501,473.655457
2215,0.454477,479.107788
2216,0.474598,459.002167
2217,0.451098,483.132660
2218,0.429222,507.984375
2219,0.426310,511.684875
2220,0.427776,510.161560
2221,0.462816,471.749420
2222,0.436474,500.446045
2223,0.440448,496.153473
2224,0.426458,512.660828
2225,0.426080,513.345764
2226,0.430765,507.991119
2227,0.427296,512.345093
2228,0.427213,512.674988
2229,0.429882,509.720825
2230,0.434150,504.935425
2231,0.427277,513.288391
2232,0.431379,508.634949
2233,0.430349,510.081207
2234,0.428576,512.420532
2235,0.428051,513.278442
2236,0.430086,511.078064
2237,0.431123,510.077057
2238,0.434163,506.731873
2239,0.433466,507.774261
2240,0.428909,513.398132
2241,0.430573,511.642303
2242,0.430598,511.840179
2243,0.430253,512.479736
2244,0.431002,511.817535
2245,0.430381,512.784180
2246,0.430022,513.440186
2247,0.430662,512.905457
2248,0.430784,512.988892
2249,0.430566,513.476440
2250,0.430656,513.597839
2251,0.433331,510.653992
2252,0.431693,512.819824
2253,0.434029,510.286194
2254,0.437773,506.146606
2255,0.433510,511.349945
2256,0.432518,512.750000
2257,0.431834,513.790771
2258,0.436314,508.740540
2259,0.434592,510.982086
2260,0.439546,505.447113
2261,0.443187,501.515747
2262,0.445043,499.645111
2263,0.432333,514.561829
2264,0.438317,507.761169
2265,0.435219,511.600952
2266,0.435757,511.195343
2267,0.438483,508.241089
2268,0.436563,510.701477
2269,0.435738,511.894714
2270,0.438566,508.817108
2271,0.439366,508.114380
2272,0.435872,512.413513
2273,0.444000,503.254486
2274,0.436435,512.202698
2275,0.445043,502.516632
2276,0.436294,512.818665
2277,0.436518,512.780701
2278,0.436166,513.419922
2279,0.436083,513.743225
2280,0.435066,515.170837
2281,0.435962,514.337524
2282,0.436691,513.703369
2283,0.436442,514.222351
2284,0.437082,513.694275
2285,0.439866,510.666534
2286,0.439366,511.470459
2287,0.437299,514.113098
2288,0.443270,507.409393
2289,0.447859,502.429901
2290,0.445581,505.219604
2291,0.441126,510.544067
2292,0.440544,511.442169
2293,0.442822,509.032684
2294,0.440173,512.320068
2295,0.448685,502.820007
2296,0.440480,512.409180
2297,0.444358,508.158020
2298,0.447008,505.365906
2299,0.443686,509.370789
2300,0.443795,509.467438
2301,0.446880,506.170563
2302,0.444826,508.729279
2303,0.444243,509.617523
2304,0.446323,507.462769
2305,0.492627,459.963867
2306,0.454234,499.058258
2307,0.444608,510.083740
2308,0.444678,510.224091
2309,0.443757,511.505310
2310,0.443398,512.140442
2311,0.454464,499.886749
2312,0.449376,505.765411
2313,0.445530,510.352509
2314,0.448173,507.561920
2315,0.451117,504.467499
2316,0.446240,510.200928
2317,0.463654,491.250275
2318,0.484800,470.026123
2319,0.482534,472.436737
2320,0.455750,500.417084
2321,0.447162,510.248627
2322,0.445664,512.183777
2323,0.444563,513.673157
2324,0.448250,509.667999
2325,0.450150,507.734314
2326,0.470438,486.046844
2327,0.495872,461.315460
2328,0.459827,497.690704
2329,0.446374,512.910339
2330,0.515098,444.669769
2331,0.510784,448.617432
2332,0.490208,467.648285
2333,0.450541,509.039886
2334,0.447680,512.512390
2335,0.480166,478.042297
2336,0.455283,504.385315
2337,0.452742,507.433044
2338,0.450880,509.747070
2339,0.456070,504.161285
2340,0.471859,487.500031
2341,0.459501,500.825409
2342,0.455597,505.332672
2343,0.454394,506.887177
2344,0.457933,503.184265
2345,0.475584,484.715363
2346,0.459040,502.398895
2347,0.453760,508.461487
2348,0.460026,501.749878
2349,0.452499,510.312714
2350,0.453478,509.427582
2351,0.462720,499.465546
2352,0.452800,510.625031
2353,0.453517,510.034729
2354,0.454995,508.593506
2355,0.456838,506.756653
2356,0.455296,508.689362
2357,0.455898,508.233673
2358,0.456243,508.064178
2359,0.455718,508.864960
2360,0.455450,509.381104
2361,0.456768,508.126068
2362,0.456634,508.490906
2363,0.459674,505.341980
2364,0.456403,509.178406
2365,0.455514,510.388672
2366,0.455898,510.174316
2367,0.457709,508.370331
2368,0.456947,509.432770
2369,0.453626,513.379700
2370,0.454771,512.302612
2371,0.454547,512.771423
2372,0.462611,504.045502
2373,0.473638,492.517914
2374,0.455667,512.158203
2375,0.456448,511.497498
2376,0.454624,513.765869
2377,0.483136,483.649750
2378,0.460851,507.250305
2379,0.457254,511.455353
2380,0.455808,513.294006
2381,0.456288,512.969482
2382,0.455738,513.804688
2383,0.461709,507.372711
2384,0.455770,514.200012
2385,0.455168,515.095581
2386,0.462579,507.055542
2387,0.465382,504.212555
2388,0.464211,505.696472
2389,0.463648,506.522736
2390,0.457536,513.504028
2391,0.461274,509.556305
2392,0.458650,512.685913
2393,0.461965,509.219482
2394,0.464122,507.064850
2395,0.501536,469.434052
2396,0.524397,449.156799
2397,0.488525,482.339233
2398,0.525344,448.721191
2399,0.468205,503.692596
2400,0.459302,513.669434
2401,0.460698,512.327209
2402,0.464710,508.114777
2403,0.460160,513.353027
2404,0.467930,505.039246
2405,0.472749,500.098816
2406,0.459059,515.226440
2407,0.458982,515.526794
2408,0.459514,515.144775
2409,0.465402,508.838684
2410,0.460634,514.319031
2411,0.460045,515.191040
2412,0.460422,514.981995
2413,0.461306,514.209106
2414,0.460416,515.416199
2415,0.461645,514.257202
2416,0.460717,515.506409
2417,0.462125,514.148438
2418,0.467142,508.836426
2419,0.461197,515.609314
2420,0.464992,511.612427
2421,0.462867,514.173340
2422,0.469754,506.845093
2423,0.467757,509.218872
2424,0.466182,511.149506
2425,0.466573,510.932465
2426,0.464909,512.972656
2427,0.462214,516.175659
2428,0.468883,509.043884
2429,0.471699,506.213348
2430,0.467853,510.585236
2431,0.464301,514.703003
2432,0.468531,510.265564
2433,0.464646,514.743286
2434,0.464307,515.331055
2435,0.464083,515.791687
2436,0.465766,514.138733
2437,0.465498,514.646790
2438,0.473651,505.995056
2439,0.464691,515.962952
2440,0.465466,515.315735
2441,0.467552,513.226440
2442,0.465574,515.617615
2443,0.466790,514.484985
2444,0.466906,514.568665
2445,0.466221,515.535278
2446,0.467622,514.200256
2447,0.466298,515.872009
2448,0.465453,517.019531
2449,0.466451,516.123596
2450,0.476384,505.568604
2451,0.469728,512.941772
2452,0.469050,513.893188
2453,0.467808,515.467285
2454,0.467731,515.762085
2455,0.467987,515.690002
2456,0.470778,512.842224
2457,0.468595,515.440430
2458,0.473747,510.042572
2459,0.473414,510.608734
2460,0.470285,514.215759
2461,0.468576,516.300720
2462,0.474221,510.362335
2463,0.470086,515.060059
2464,0.471475,513.751404
2465,0.470406,515.127625
2466,0.469965,515.820923
2467,0.473779,511.875519
2468,0.470054,516.140808
2469,0.475808,510.106171
2470,0.470944,515.583313
2471,0.470560,516.213013
2472,0.472070,514.769592
2473,0.471360,515.753967
2474,0.471475,515.836426
2475,0.472230,515.219727
2476,0.471533,516.190369
2477,0.472013,515.873718
2478,0.471776,516.341003
2479,0.474176,513.934937
2480,0.472115,516.386536
2481,0.474016,514.523193
2482,0.476198,512.371582
2483,0.476781,511.951874
2484,0.504352,484.160156
2485,0.519750,470.005280
2486,0.504915,484.009460
2487,0.510829,478.598816
2488,0.503622,485.642303
2489,0.504499,484.993164
2490,0.496173,493.330048
2491,0.498106,491.613129
2492,0.501357,488.621185
2493,0.534067,458.878326
2494,0.535258,458.041443
2495,0.485363,505.329742
2496,0.526682,465.873138
2497,0.497459,493.437592
2498,0.486803,504.440796
2499,0.487750,503.662750
2500,0.487539,504.082550
2501,0.519782,473.002350
2502,0.489536,502.428040
2503,0.487757,504.462280
2504,0.488794,503.593353
2505,0.490176,502.373657
2506,0.521216,472.644409
2507,0.494022,498.860260
2508,0.489152,504.028259
2509,0.492525,500.776276
2510,0.492275,501.229828
2511,0.527494,467.950623
2512,0.490438,503.507996
2513,0.490419,503.728119
2514,0.494867,499.399109
2515,0.499187,495.274261
2516,0.539078,458.806885
2517,0.535462,462.088806
2518,0.519891,476.117889
2519,0.515930,479.964294
2520,0.522893,473.760712
2521,0.515968,480.309631
2522,0.497165,498.673065
2523,0.483354,513.125366
2524,0.480352,516.536377
2525,0.487469,509.196899
2526,0.508896,487.950195
2527,0.487098,509.988586
2528,0.485043,512.351318
2529,0.486579,510.936005
2530,0.507206,490.350922
2531,0.498573,499.039337
2532,0.517024,481.420013
2533,0.504205,493.854858
2534,0.490131,508.236023
2535,0.482349,516.639954
2536,0.483366,515.755615
2537,0.481862,517.569458
2538,0.483411,516.114502
2539,0.484346,515.321838
2540,0.483994,515.899719
2541,0.506592,493.080170
2542,0.483226,517.126526
2543,0.483821,516.693481
2544,0.486906,513.621948
2545,0.487603,513.088684
2546,0.484608,516.462708
2547,0.486861,514.274902
2548,0.485613,515.798950
2549,0.483770,517.967407
2550,0.486502,515.259949
2551,0.484390,517.709473
2552,0.485101,517.153992
2553,0.501133,500.805542
2554,0.485421,517.218079
2555,0.487366,515.355042
2556,0.490893,511.853149
2557,0.488544,514.515259
2558,0.486470,516.910461
2559,0.490899,512.447266
2560,0.486099,517.709656
2561,0.491091,512.647217
2562,0.486829,517.337585
2563,0.487066,517.287903
2564,0.495648,508.529144
2565,0.486810,517.963867
2566,0.494771,509.827728
2567,0.492653,512.219482
2568,0.492026,513.072266
2569,0.501146,503.931396
2570,0.489894,515.705627
2571,0.494765,510.827728
2572,0.489024,517.025513
2573,0.488550,517.727905
2574,0.489133,517.312439
2575,0.489248,517.391541
2576,0.488525,518.358765
2577,0.490016,516.981934
2578,0.493299,513.740356
2579,0.488883,518.581970
2580,0.493562,513.865601
2581,0.489402,518.434387
2582,0.489498,518.533569
2583,0.490605,517.563721
2584,0.496512,511.604004
2585,0.490458,518.119873
2586,0.490765,517.995911
2587,0.491814,517.090332
2588,0.491776,517.330566
2589,0.491379,517.948364
2590,0.491398,518.128174
2591,0.495098,514.455505
2592,0.504064,505.499268
2593,0.498125,511.723724
2594,0.493235,516.995911
2595,0.491686,518.824341
2596,0.492723,517.932190
2597,0.497267,513.397034
2598,0.493997,516.994812
2599,0.503674,507.257263
2600,0.498042,513.190857
2601,0.493069,518.565979
2602,0.495488,516.232483
2603,0.493946,518.043518
2604,0.493645,518.558289
2605,0.495667,516.640869
2606,0.493510,519.097900
2607,0.494938,517.799683
2608,0.497069,515.777344
2609,0.494618,518.532166
2610,0.497779,515.436279
2611,0.502694,510.591980
2612,0.495674,518.022461
2613,0.497248,516.579956
2614,0.499994,513.939880
2615,0.496544,517.708374
2616,0.495936,518.541199
2617,0.496614,518.030823
2618,0.496934,517.895020
2619,0.496851,518.179626
2620,0.497062,518.157227
2621,0.496730,518.702271
2622,0.499866,515.644775
2623,0.501568,514.090637
2624,0.497261,518.741272
2625,0.497114,519.092590
2626,0.502336,513.891724
2627,0.499853,516.641296
2628,0.502285,514.335510
2629,0.501306,515.536255
2630,0.500000,517.079041
2631,0.507501,509.630402
2632,0.507923,509.400116
2633,0.515219,502.377289
2634,0.536422,482.703033
2635,0.536275,483.018860
2636,0.545306,475.200226
2637,0.502234,516.149597
2638,0.503738,514.803589
2639,0.503091,515.660522
2640,0.532294,487.554565
2641,0.503302,515.834717
2642,0.505766,513.516052
2643,0.504698,514.798279
2644,0.502387,517.361450
2645,0.529562,490.998718
2646,0.504557,515.526489
2647,0.505498,514.761475
2648,0.530579,490.612885
2649,0.550042,473.431976
2650,0.541165,481.379456
2651,0.504896,516.153564
2652,0.505331,515.903687
2653,0.507283,514.112244
2654,0.504666,516.973633
2655,0.508410,513.359924
2656,0.502861,519.220032
2657,0.502810,519.468445
2658,0.509677,512.662170
2659,0.506810,515.756470
2660,0.504038,518.787109
2661,0.513990,508.933472
2662,0.535430,488.738098
2663,0.534925,489.383820
2664,0.554586,472.211792
2665,0.533542,491.020325
2666,0.522982,501.122894
2667,0.537568,487.709045
2668,0.509587,514.681458
2669,0.507277,517.219360
2670,0.509920,514.731079
2671,0.506624,518.273804
2672,0.507782,517.285217
2673,0.507187,518.085999
2674,0.508653,516.786499
2675,0.513478,512.121277
2676,0.544762,482.892944
2677,0.528422,498.010376
2678,0.542541,485.231934
2679,0.538534,489.024353
2680,0.512435,514.122986
2681,0.516224,510.540009
2682,0.508704,518.280457
2683,0.509171,517.997925
2684,0.510944,516.393066
2685,0.509357,518.195190
2686,0.510336,517.393494
2687,0.516909,511.004791
2688,0.511264,516.838928
2689,0.512070,516.217041
2690,0.510298,518.203003
2691,0.510266,518.428162
2692,0.511334,517.536865
2693,0.511834,517.224060
2694,0.511290,517.966675
2695,0.510067,519.400696
2696,0.513760,515.858704
2697,0.511200,518.634277
2698,0.515930,514.070557
2699,0.518291,511.917847
2700,0.512109,518.289856
2701,0.512986,517.595642
2702,0.512314,518.466431
2703,0.510720,520.276672
2704,0.521946,509.275330
2705,0.519149,512.208313
2706,0.514061,517.469116
2707,0.513306,518.421997
2708,0.513856,518.058044
2709,0.519328,512.788696
2710,0.513062,519.242554
2711,0.526374,506.297699
2712,0.524986,507.824280
2713,0.514003,518.865967
2714,0.520410,512.667419
2715,0.516691,516.547180
2716,0.519475,513.968079
2717,0.515667,517.954163
2718,0.515366,518.447205
2719,0.518272,515.730347
2720,0.517862,516.328003
2721,0.517133,517.246582
2722,0.520608,513.982605
2723,0.515840,518.924072
2724,0.515264,519.694885
2725,0.517645,517.494629
2726,0.516621,518.710632
2727,0.523808,511.781036
2728,0.516998,518.712036
2729,0.515744,520.164307
2730,0.516160,519.935486
2731,0.516998,519.282471
2732,0.516134,520.342285
2733,0.518291,518.366577
2734,0.517178,519.672852
2735,0.517811,519.226746
2736,0.532736,504.864960
2737,0.517946,519.471619
2738,0.523232,514.411133
2739,0.518118,519.677856
2740,0.519379,518.605530
2741,0.519085,519.089111
2742,0.518733,519.630859
2743,0.522426,516.145935
2744,0.519347,519.394714
2745,0.519923,519.008362
2746,0.520928,518.195923
2747,0.521203,518.111023
2748,0.521843,517.663879
2749,0.519738,519.950256
2750,0.521952,517.932678
2751,0.520653,519.413879
2752,0.524890,515.408630
2753,0.526835,513.691833
2754,0.523187,517.461426
2755,0.523110,517.725342
2756,0.520045,520.966309
2757,0.521350,519.850220
2758,0.521850,519.541321
2759,0.522182,519.398499
2760,0.523731,518.050171
2761,0.522112,519.845032
2762,0.522861,519.288574
2763,0.526874,515.520081
2764,0.529709,512.946533
2765,0.523514,519.204407
2766,0.521594,521.304077
2767,0.536250,507.239868
2768,0.531155,512.289978
2769,0.528205,515.337585
2770,0.523974,519.685852
2771,0.524269,519.581604
2772,0.528096,516.002136
2773,0.523437,520.782959
2774,0.525421,519.003662
2775,0.523520,521.075806
2776,0.526336,518.474670
2777,0.534541,510.700439
2778,1.195546,228.421677
2779,1.277549,213.836700
2780,1.296659,210.760941
2781,0.571629,478.253448
2782,0.643206,425.184967
2783,0.615078,444.788940
2784,0.573965,476.820801
2785,0.577805,473.822083
2786,0.538106,508.961334
2787,0.539757,507.586426
2788,0.545702,502.236298
2789,0.544826,503.224915
2790,0.540442,507.488953
2791,0.542394,505.843872
2792,0.540160,508.117584
2793,0.546483,502.418121
2794,0.541542,507.183502
2795,0.542765,506.222382
2796,0.548570,501.044922
2797,0.540947,508.286743
2798,0.542874,506.664185
2799,0.547629,502.444214
2800,0.554912,496.026794
2801,0.544218,505.954803
2802,0.543821,506.504791
2803,0.548205,502.633545
2804,0.547654,503.318237
2805,0.631181,436.868011
2806,0.575392,479.396729
2807,0.595942,463.030212
2808,0.553850,498.398193
2809,0.569549,484.832794
2810,0.564870,489.022278
2811,0.561466,492.162903
2812,0.533440,518.204224
2813,0.533382,518.444458
2814,0.540269,512.018188
2815,0.546554,506.310364
2816,0.539264,513.336792
2817,0.541082,511.794098
2818,0.561683,493.197327
2819,0.540998,512.236267
2820,0.542016,511.455872
2821,0.541843,511.800385
2822,0.540179,513.559021
2823,0.543629,510.481018
2824,0.543558,510.727997
2825,0.541203,513.132263
2826,0.547264,507.629059
2827,0.546170,508.826233
2828,0.543238,511.752686
2829,0.544781,510.484253
2830,0.543693,511.686584
2831,0.544672,510.947174
2832,0.545280,510.557770
2833,0.544205,511.747070
2834,0.544326,511.813354
2835,0.545504,510.888733
2836,0.545670,510.913086
2837,0.545184,511.549194
2838,0.546662,510.345612
2839,0.547610,509.642395
2840,0.547987,509.470612
2841,0.547053,510.520447
2842,0.543475,514.062073
2843,0.543418,514.297363
2844,0.543981,513.945679
2845,0.548954,509.469086
2846,0.548275,510.278717
2847,0.545075,513.454773
2848,0.545363,513.363892
2849,0.550074,509.146576
2850,0.550342,509.076538
2851,0.556224,503.870209
2852,0.555136,505.034790
2853,0.549254,510.621918
2854,0.546938,512.964600
2855,0.551840,508.585663
2856,0.554125,506.666077
2857,0.548768,511.791077
2858,0.546221,514.357666
2859,0.551699,509.428192
2860,0.547750,513.280273
2861,0.547322,513.861938
2862,0.548410,513.021729
2863,0.584691,481.355560
2864,0.578573,486.615723
2865,0.576742,488.330597
2866,0.615328,457.868408
2867,0.558291,504.821808
2868,0.566323,497.835632
2869,0.548294,514.384521
2870,0.543366,519.230652
2871,0.540909,521.771484
2872,0.541722,521.170105
2873,0.546093,517.178406
2874,0.548269,515.305054
2875,0.542886,520.595093
2876,0.549107,514.876343
2877,0.547878,516.210571
2878,0.548749,515.570862
2879,0.543462,520.766907
2880,0.542758,521.623535
2881,0.546182,518.533447
2882,0.545958,518.926208
2883,0.545894,519.167175
2884,0.547418,517.902161
2885,0.543546,521.772278
2886,0.544870,520.684082
2887,0.544890,520.846191
2888,0.553594,512.834595
2889,0.543962,522.096130
2890,0.544614,521.650879
2891,0.546042,520.467407
2892,0.551584,515.415833
2893,0.552774,514.483826
2894,0.613632,463.619507
2895,0.571974,497.557373
2896,0.558566,509.676880
2897,0.546534,521.077393
2898,0.547706,520.142578
2899,0.547565,520.455811
2900,0.548192,520.039673
2901,0.548096,520.310120
2902,0.551834,516.964233
2903,0.551354,517.592529
2904,0.549210,519.792114
2905,0.550470,518.780151
2906,0.548333,520.981812
2907,0.548717,520.796326
2908,0.548947,520.756897
2909,0.552422,517.658813
2910,0.557363,513.246338
2911,0.563098,508.194214
2912,0.550086,520.393250
2913,0.586304,488.414795
2914,0.551814,519.119873
2915,0.549088,521.876587
2916,0.556250,515.334290
2917,0.561210,510.954895
2918,0.553190,518.539490
2919,0.559219,513.125000
2920,0.555827,516.433228
2921,0.556966,515.553467
2922,0.615059,467.018921
2923,0.578816,496.431671
2924,0.565542,508.257019
2925,0.571974,502.713409
2926,0.594733,483.641541
2927,0.553056,520.265259
2928,0.560794,513.262146
2929,0.576685,499.289032
2930,0.560666,513.729980
2931,0.577043,499.319702
2932,0.554502,519.794556
2933,0.553235,521.162903
2934,0.552717,521.829529
2935,0.569498,506.625916
2936,0.553280,521.653687
2937,0.558400,517.046692
2938,0.564954,511.222809
2939,0.552890,522.555359
2940,0.553466,522.189209
2941,0.558528,517.632141
2942,0.555021,521.080200
2943,0.554611,521.642334
2944,0.554387,522.030396
2945,0.557741,519.067749
2946,0.555456,521.379883
2947,0.555475,521.538879
2948,0.555200,521.974426
2949,0.555232,522.121338
2950,0.571962,507.021454
2951,0.576614,503.100708
2952,0.561843,516.502441
2953,0.570253,509.057953
2954,0.616384,471.118713
2955,0.596570,486.931091
2956,0.565472,513.883301
2957,0.565466,514.062927
2958,0.557382,521.694336
2959,0.564032,515.718201
2960,0.563315,516.548889
2961,0.569888,510.763763
2962,0.564090,516.188293
2963,0.607834,479.201447
2964,0.585626,497.541534
2965,0.602893,483.454681
2966,0.617094,472.487946
2967,0.600416,485.776459
2968,0.615955,473.681000
2969,0.610074,478.408783
2970,0.592250,492.972656
2971,0.600538,486.332825
2972,0.594534,491.408875
2973,0.579098,504.677917
2974,0.574528,508.863098
2975,0.606752,481.999878
2976,0.606592,482.289124
2977,0.613683,476.876373
2978,0.596390,490.868622
2979,0.579834,505.054565
2980,0.560986,522.198669
2981,0.564544,519.081238
2982,0.561888,521.709839
2983,0.565139,518.882507
2984,0.561242,522.661072
2985,0.561286,522.794495
2986,0.561466,522.802734
2987,0.561197,523.228271
2988,0.561107,523.487061
2989,0.570144,515.362183
2990,0.565286,519.964661
2991,0.604064,486.748505
2992,0.606611,484.866699
2993,0.600902,489.636688
2994,0.606035,485.651978
2995,0.606835,485.173676
2996,0.612832,480.586548
2997,0.611597,481.717865
2998,0.578445,509.496094
2999,0.565811,521.046082
3000,0.570867,516.603516
3001,0.568710,518.735535
3002,0.565139,522.187500
3003,0.566042,521.528625
3004,0.565619,522.091980
3005,0.565434,522.437134
3006,0.566554,521.577881
3007,0.570912,517.768311
3008,0.565990,522.444275
3009,0.566490,522.157410
3010,0.566547,522.277832
3011,0.566957,522.073853
3012,0.570592,518.920105
3013,0.566803,522.562256
3014,0.566573,522.948242
3015,0.566675,523.027161
3016,0.576992,513.845703
3017,0.574848,515.933167
3018,0.569830,520.648743
3019,0.570579,520.137695
3020,0.568672,522.055054
3021,0.570170,520.856262
3022,0.568550,522.512512
3023,0.573312,518.344299
3024,0.578944,513.471558
3025,0.571962,519.911865
3026,0.570157,521.730042
3027,0.570413,521.668152
3028,0.571123,521.191406
3029,0.576819,516.215149
3030,0.570176,522.402039
3031,0.572768,520.209595
3032,0.577920,515.742188
3033,0.570253,522.848877
3034,0.571840,521.569580
3035,0.571789,521.788147
3036,0.570970,522.708984
3037,0.572582,521.408325
3038,0.571117,522.918518
3039,0.573920,520.535767
3040,0.570797,523.556152
3041,0.570810,523.716553
3042,0.571667,523.102844
3043,0.572998,522.059143
3044,0.572422,522.756226
3045,0.591936,505.689270
3046,0.592173,505.653107
3047,0.582669,514.069580
3048,0.584634,512.510010
3049,0.580480,516.346680
3050,0.582381,514.830200
3051,0.585658,512.117493
3052,0.592026,506.775024
3053,0.590451,508.292786
3054,0.590298,508.591644
3055,0.589523,509.426483
3056,0.592006,507.455719
3057,0.589990,509.356323
3058,0.618675,485.898987
3059,0.637510,471.697296
3060,0.615187,488.973480
3061,0.585779,513.689392
3062,0.584659,514.841553
3063,0.584979,514.727966
3064,0.604326,498.411896
3065,0.585856,514.293213
3066,0.592998,508.264557
3067,0.583962,516.298279
3068,0.597229,504.993500
3069,0.637517,473.234558
3070,0.612570,492.667725
3071,0.588314,513.147400
3072,0.573728,526.364258
3073,0.602451,501.431793
3074,0.585286,516.305298
3075,0.578752,522.304504
3076,0.579302,521.977966
3077,0.607354,498.031830
3078,0.578752,522.814209
3079,0.579654,522.169861
3080,0.581824,520.391602
3081,0.579949,522.243774
3082,0.586285,516.767456
3083,0.594317,509.948914
3084,0.580826,521.963074
3085,0.581862,521.202026
3086,0.601536,504.319214
3087,0.582413,521.046997
3088,0.582669,520.986755
3089,0.582227,521.550781
3090,0.582086,521.845825
3091,0.582221,521.894165
3092,0.581728,522.505249
3093,0.582112,522.329529
3094,0.581645,522.918091
3095,0.594912,511.421722
3096,0.587795,517.781067
3097,0.583744,521.542847
3098,0.585030,520.564087
3099,0.584256,521.422302
3100,0.584096,521.733459
3101,0.584794,521.279175
3102,0.584026,522.132996
3103,0.584250,522.101074
3104,0.582688,523.669006
3105,0.583936,522.718140
3106,0.584422,522.451294
3107,0.584960,522.139160
3108,0.584250,522.942261
3109,0.585600,521.904236
3110,0.583514,523.938843
3111,0.595360,513.678711
3112,0.584243,523.621094
3113,0.584621,523.450989
3114,0.585312,523.000793
3115,0.585485,523.014343
3116,0.590483,518.753601
3117,0.589773,519.545105
3118,0.595059,515.094727
3119,0.584922,524.190186
3120,0.585530,523.813843
3121,0.595469,515.235657
3122,0.593254,517.324585
3123,0.588474,521.694458
3124,0.589043,521.356812
3125,0.598803,513.023315
3126,0.588064,522.559265
3127,0.590502,520.567932
3128,0.587187,523.674438
3129,0.596480,515.680664
3130,0.588518,522.823975
3131,0.591654,520.218933
3132,0.591475,520.542786
3133,0.589958,522.047729
3134,0.587654,524.261780
3135,0.589613,522.687195
3136,0.589133,523.279907
3137,0.588845,523.702759
3138,0.593766,519.527466
3139,0.588845,524.036682
3140,0.591898,521.499939
3141,0.589658,523.647705
3142,0.591808,521.911072
3143,0.589741,523.907227
3144,0.589907,523.926086
3145,0.589517,524.439819
3146,0.590061,524.122864
3147,0.592698,521.957092
3148,0.603610,512.684021
3149,0.598048,517.616089
3150,0.590406,524.482178
3151,0.600506,515.825195
3152,0.595846,520.023682
3153,0.592742,522.912659
3154,0.608205,509.780243
3155,0.600557,516.435974
3156,0.602400,515.018982
3157,0.592845,523.485657
3158,0.592090,524.319336
3159,0.594054,522.750671
3160,0.594010,522.955627
3161,0.592608,524.358276
3162,0.592909,524.258118
3163,0.595418,522.214233
3164,0.599648,518.694092
3165,0.593779,523.986267
3166,0.594573,523.452209
3167,0.595450,522.846497
3168,0.595130,523.292847
3169,0.596032,522.665527
3170,0.594349,524.311096
3171,0.594893,523.996887
3172,0.594304,524.681458
3173,0.603168,517.133850
3174,0.604493,516.163147
3175,0.600000,520.191956
3176,0.607027,514.332031
3177,0.612973,509.503479
3178,0.638323,489.423096
3179,0.618662,505.135651
3180,0.604883,516.805115
3181,0.606458,515.625549
3182,0.629024,497.283630
3183,0.603878,518.153320
3184,0.602944,519.119385
3185,0.616467,507.891113
3186,0.608550,514.660034
3187,0.611488,512.348267
3188,0.612890,511.337036
3189,0.610790,513.255371
3190,0.638586,491.069244
3191,0.608160,515.798584
3192,0.605389,518.322021
3193,0.608141,516.138123
3194,0.604755,519.190247
3195,0.643021,488.446533
3196,0.659622,476.302185
3197,0.643168,488.640442
3198,0.643904,488.234558
3199,0.642950,489.111572
3200,0.651002,483.213531
3201,0.642445,489.802551
3202,0.614355,512.357361
3203,0.634637,496.138458
3204,0.649856,484.670502
3205,0.617376,510.328125
3206,0.607578,518.719910
3207,0.608064,518.466675
3208,0.609530,517.381287
3209,0.611936,515.507446
3210,0.609971,517.329102
3211,0.617184,511.442505
3212,0.615616,512.904907
3213,0.617542,511.464081
3214,0.612154,516.127075
3215,0.612883,515.673035
3216,0.633574,498.987457
3217,0.619162,510.761597
3218,0.610470,518.194275
3219,0.616032,513.675537
3220,0.612166,517.079773
3221,0.610989,518.237305
3222,0.615930,514.239746
3223,0.619520,511.418182
3224,0.614509,515.748657
3225,0.623213,508.703278
3226,0.620070,511.439850
3227,0.615002,515.814941
3228,0.615891,515.229492
3229,0.621184,510.997742
3230,0.614682,516.563232
3231,0.640096,496.207153
3232,0.651475,487.690918
3233,0.646067,491.925385
3234,0.636128,499.765991
3235,0.632934,502.442932
3236,0.625754,508.365784
3237,0.620582,512.760376
3238,0.609325,522.395203
3239,0.608077,523.629028
3240,0.611104,521.195984
3241,0.607098,524.797546
3242,0.608486,523.761169
3243,0.612710,520.310852
3244,0.613363,519.917419
3245,0.608288,524.416870
3246,0.608794,524.142761
3247,0.609574,523.632690
3248,0.608480,524.736084
3249,0.611635,522.189819
3250,0.622554,513.189514
3251,0.612774,521.539917
3252,0.614426,520.298340
3253,0.610266,524.006104
3254,0.610144,524.271729
3255,0.615526,519.846924
3256,0.614893,520.542480
3257,0.619123,517.144409
3258,0.615654,520.217957
3259,0.616461,519.696838
3260,0.611533,524.045532
3261,0.619341,517.597656
3262,0.612774,523.304626
3263,0.612608,523.607239
3264,0.611450,524.759949
3265,0.613094,523.512451
3266,0.612211,524.428223
3267,0.612640,524.221680
3268,0.613434,523.703674
3269,0.613056,524.186646
3270,0.612512,524.812683
3271,0.613210,524.375977
3272,0.618752,519.837830
3273,0.616896,521.561157
3274,0.617114,521.536499
3275,0.616992,521.798645
3276,0.628083,512.740784
3277,0.615469,523.409485
3278,0.618630,520.893494
3279,0.620928,519.124329
3280,0.616282,523.197693
3281,0.616768,522.944458
3282,0.615494,524.186340
3283,0.615341,524.476929
3284,0.622298,518.771606
3285,0.615917,524.305603
3286,0.616467,523.997009
3287,0.615955,524.592102
3288,0.626022,516.313049
3289,0.620608,520.975952
3290,0.616070,524.972717
3291,0.620627,521.276611
3292,0.618272,523.421326
3293,0.622259,520.225403
3294,0.627219,516.268250
3295,0.619763,522.637817
3296,0.616755,525.346191
3297,0.618426,524.086182
3298,0.617453,525.071045
3299,0.621184,522.075439
3300,0.618605,524.411072
3301,0.619859,523.508423
3302,0.623706,520.437500
3303,0.630144,515.276062
3304,0.627328,517.745728
3305,0.629510,516.106995
3306,0.628096,517.425720
3307,0.632250,514.181946
3308,0.661926,491.277649
3309,0.649005,501.210358
3310,0.659802,493.157684
3311,0.630630,516.125671
3312,0.648096,502.368256
3313,0.630509,516.537048
3314,0.631603,515.797668
3315,0.633184,514.665222
3316,0.643008,506.954926
3317,0.630861,516.872131
3318,0.632422,515.751282
3319,0.639149,510.477295
3320,0.630995,517.229431
3321,0.648397,503.499695
3322,0.629882,518.455994
3323,0.630502,518.101440
3324,0.648326,504.009247
3325,0.640019,510.704681
3326,0.642790,508.655823
3327,0.635366,514.754089
3328,0.632723,517.059753
3329,0.633037,516.958923
3330,0.631898,518.046509
3331,0.631296,518.695862
3332,0.632000,518.273621
3333,0.641178,511.008545
3334,0.633478,517.374451
3335,0.671846,487.974365
3336,0.663795,494.041168
3337,0.672467,487.816315
3338,0.651866,503.384064
3339,0.655251,500.933197
3340,0.625581,524.848816
3341,0.646829,507.759766
3342,0.630176,521.333740
3343,0.631488,520.406250
3344,0.630362,521.492126
3345,0.626707,524.689819
3346,0.632326,520.182556
3347,0.627520,524.323547
3348,0.626176,525.605896
3349,0.635386,518.142151
3350,0.637088,516.911926
3351,0.636288,517.716370
3352,0.629037,523.840576
3353,0.629299,523.778381
3354,0.628115,524.922241
3355,0.630048,523.467957
3356,0.632269,521.784790
3357,0.628333,525.209778
3358,0.638387,517.091858
3359,0.630413,523.788818
3360,0.634016,520.967041
3361,0.630394,524.116577
3362,0.629766,524.794678
3363,0.631034,523.896606
3364,0.637286,518.910583
3365,0.632525,522.972351
3366,0.631936,523.615173
3367,0.631910,523.791931
3368,0.631981,523.889160
3369,0.636096,520.654419
3370,0.634413,522.190735
3371,0.630989,525.180176
3372,0.631488,524.920654
3373,0.648013,511.686523
3374,0.645261,514.021118
3375,0.649562,510.769135
3376,0.650240,510.387451
3377,0.641811,517.243408
3378,0.643213,516.269104
3379,0.642650,516.874573
3380,0.640730,518.576843
3381,0.641702,517.943787
3382,0.645267,515.234802
3383,0.642246,517.811279
3384,0.641926,518.222534
3385,0.642778,517.689209
3386,0.644480,516.474243
3387,0.648077,513.759583
3388,0.643667,517.431885
3389,0.650912,511.823822
3390,0.644646,516.950928
3391,0.644269,517.406494
3392,0.644614,517.281616
3393,0.644352,517.644836
3394,0.645056,517.232300
3395,0.648070,514.978088
3396,0.645869,516.885803
3397,0.645190,517.581604
3398,0.645107,517.800781
3399,0.647942,515.686768
3400,0.644896,518.275146
3401,0.646317,517.287964
3402,0.647213,516.723694
3403,0.647245,516.850037
3404,0.647040,517.165588
3405,0.645587,518.481628
3406,0.657050,509.586273
3407,0.646733,517.867249
3408,0.649523,515.793762
3409,0.647565,517.505493
3410,0.648058,517.263672
3411,0.649408,516.339417
3412,0.742995,451.433929
3413,0.697293,481.163086
3414,0.693024,484.268707
3415,0.659987,508.658539
3416,0.684710,490.435760
3417,0.677434,495.848999
3418,0.645350,520.652222
3419,0.641830,523.660706
3420,0.652160,515.517212
3421,0.642323,523.565063
3422,0.643942,522.401123
3423,0.646509,520.479492
3424,0.652723,515.674805
3425,0.655181,513.890503
3426,0.682074,493.772919
3427,0.660896,509.744049
3428,0.642726,524.307251
3429,0.646048,521.763794
3430,0.646342,521.678162
3431,0.646784,521.473999
3432,0.648614,520.153992
3433,0.647328,521.339478
3434,0.643309,524.749451
3435,0.645760,522.909851
3436,0.647872,521.356873
3437,0.658637,512.985046
3438,0.642963,525.643066
3439,0.650592,519.630493
3440,0.649510,520.647156
3441,0.645632,523.927002
3442,0.646253,523.575928
3443,0.648435,521.965271
3444,0.644442,525.352478
3445,0.651974,519.433411
3446,0.645478,524.813232
3447,0.651232,520.327454
3448,0.651283,520.437561
3449,0.648755,522.617004
3450,0.649651,522.047546
3451,0.650797,521.279663
3452,0.645152,525.992981
3453,0.646291,525.217834
3454,0.646803,524.954102
3455,0.648403,523.810425
3456,0.647706,524.526306
3457,0.649037,523.601929
3458,0.647379,525.094482
3459,0.648301,524.499634
3460,0.683347,497.743805
3461,0.687853,494.626373
3462,0.721139,471.931671
3463,0.658298,517.131958
3464,0.648166,525.366760
3465,0.651968,522.454163
3466,0.661562,515.026367
3467,0.649856,524.454651
3468,0.652883,522.173401
3469,0.649043,525.414307
3470,0.652486,522.792358
3471,0.653606,522.046936
3472,0.658150,518.591980
3473,0.653792,522.199402
3474,0.649978,525.415222
3475,0.650432,525.199280
3476,0.648730,526.729004
3477,0.656864,520.355835
3478,0.655814,521.338562
3479,0.655270,521.921387
3480,0.663219,515.814270
3481,0.650637,525.940491
3482,0.656365,521.500427
3483,0.650509,526.346252
3484,0.655987,522.100342
3485,0.652915,524.707397
3486,0.656966,521.621399
3487,0.652096,525.668091
3488,0.652064,525.844604
3489,0.652474,525.665161
3490,0.652819,525.537476
3491,0.652486,525.956238
3492,0.658048,521.660400
3493,0.717670,478.459015
3494,0.705344,486.959778
3495,0.699590,491.105194
3496,0.705024,487.459656
3497,0.696858,493.313263
3498,0.679290,506.216156
3499,0.660083,521.094482
3500,0.659098,522.022827
3501,0.654144,526.126160
3502,0.653626,526.693909
3503,0.654970,525.763245
3504,0.654118,526.597656
3505,0.661446,520.912231
3506,0.659251,522.795959
3507,0.663744,519.405273
3508,0.658458,523.724548
3509,0.655520,526.221497
3510,0.655642,526.273926
3511,0.660819,522.299255
3512,0.655949,526.327148
3513,0.657114,525.543762
3514,0.657120,525.688232
3515,0.660563,523.096924
3516,0.655942,526.931763
3517,0.655539,527.405762
3518,0.657491,525.989502
3519,0.658259,525.525146
3520,0.661978,522.721741
3521,0.668960,517.412720
3522,0.663405,521.893555
3523,0.662688,522.606384
3524,0.657248,527.081543
3525,0.667469,519.157776
3526,0.659168,525.844543
3527,0.657427,527.386475
3528,0.658950,526.316528
3529,0.659808,525.781494
3530,0.657914,527.444824
3531,0.660179,525.783630
3532,0.658298,527.435791
3533,0.663232,523.659973
3534,0.658208,527.806274
3535,0.658656,527.596558
3536,0.664941,522.757751
3537,0.659584,527.152344
3538,0.661376,525.872681
3539,0.660314,526.867615
3540,0.664742,523.505310
3541,0.660096,527.339111
3542,0.661101,526.686340
3543,0.661037,526.885986
3544,0.670330,519.728516
3545,0.694189,502.007050
3546,0.698426,499.102509
3547,0.668218,521.812500
3548,0.661805,527.017334
3549,0.665325,524.376831
3550,0.663302,526.123840
3551,0.662438,526.958435
3552,0.672256,519.408997
3553,0.685626,509.423950
3554,0.664813,525.519958
3555,0.667162,523.817200
3556,0.666342,524.608704
3557,0.681696,512.937317
3558,0.663942,526.801147
3559,0.665856,525.434875
3560,0.664826,526.397034
3561,0.696986,502.249329
3562,0.666253,525.564575
3563,0.664410,527.170471
3564,0.696493,503.028107
3565,0.736019,476.147552
3566,0.731328,479.336304
3567,0.704557,497.689270
3568,0.705754,496.984619
3569,0.695674,504.326996
3570,0.677446,518.041382
3571,0.665747,527.292603
3572,0.672390,522.229248
3573,0.684512,513.125000
3574,0.668282,525.734192
3575,0.667526,526.476257
3576,0.672122,523.023010
3577,0.668454,526.039551
3578,0.675526,520.677917
3579,0.677536,519.278687
3580,0.685306,513.534851
3581,0.675456,521.168884
3582,0.672256,523.795898
3583,0.670464,525.342468
3584,0.668813,526.786499
3585,0.670464,525.635681
3586,0.671155,525.240845
3587,0.691462,509.957520
3588,0.722669,488.072510
3589,0.705408,500.154572
3590,0.714502,493.926056
3591,0.709325,497.670013
3592,0.681184,518.373840
3593,0.672851,524.939636
3594,0.673011,524.960938
3595,0.673651,524.608154
3596,0.671034,526.801025
3597,0.679962,520.028625
3598,0.680262,519.943115
3599,0.679514,520.660767
3600,0.675181,524.147583
3601,0.671910,526.845093
3602,0.672026,526.901123
3603,0.683162,518.456116
3604,0.671654,527.485046
3605,0.672390,527.053833
3606,0.674195,525.788757
3607,0.677338,523.494568
3608,0.676102,524.596375
3609,0.673670,526.636047
3610,0.672691,527.548767
3611,0.674029,526.647766
3612,0.673203,527.439636
3613,0.673293,527.515503
3614,0.673427,527.556152
3615,0.677741,524.343506
3616,0.674534,526.981750
3617,0.680320,522.644592
3618,0.678483,524.204468
3619,0.680448,522.835144
3620,0.674394,527.674744
3621,0.675776,526.740723
3622,0.673350,528.784241
3623,0.674605,527.946716
3624,0.678688,524.915222
3625,0.675149,527.812561
3626,0.678144,525.626282
3627,0.676166,527.309021
3628,0.675846,527.704102
3629,0.679373,525.109680
3630,0.682099,523.154846
3631,0.676902,527.316528
3632,0.682227,523.344849
3633,0.677626,527.043884
3634,0.677453,527.323425
3635,0.677408,527.503418
3636,0.677370,527.678467
3637,0.682406,523.927795
3638,0.683430,523.286621
3639,0.678579,527.172485
3640,0.678944,527.033997
3641,0.679238,526.950256
3642,0.679661,526.767395
3643,0.679219,527.254639
3644,0.686125,522.091309
3645,0.684454,523.509033
3646,0.680934,526.359619
3647,0.679872,527.326782
3648,0.680166,527.243042
3649,0.683571,524.760742
3650,0.679507,528.043884
3651,0.684851,524.067017
3652,0.680845,527.295227
3653,0.681472,526.954224
3654,0.684410,524.835999
3655,0.693786,517.884949
3656,0.683834,525.565613
3657,0.681043,527.863342
3658,0.680518,528.414795
3659,0.682867,526.741272
3660,0.682061,527.508179
3661,0.682445,527.355408
3662,0.688435,522.909424
3663,0.715558,503.225952
3664,0.684326,526.336365
3665,0.689754,522.337463
3666,0.685555,525.679626
3667,0.713466,505.253204
3668,0.690099,522.503235
3669,0.685498,526.154114
3670,0.690355,522.594299
3671,0.721216,500.368774
3672,0.723699,498.787720
3673,0.700518,515.433411
3674,0.688262,524.754639
3675,0.709747,509.008270
3676,0.691712,522.421875
3677,0.688557,524.958557
3678,0.688397,525.223389
3679,0.687507,526.045959
3680,0.688582,525.367371
3681,0.686445,527.146545
3682,0.686848,526.980286
3683,0.690880,524.047058
3684,0.692614,522.876709
3685,0.690502,524.618347
3686,0.697331,519.621887
3687,0.687539,527.165344
3688,0.688672,526.440979
3689,0.687315,527.623169
3690,0.687264,527.805542
3691,0.688531,526.976929
3692,0.689376,526.473755
3693,0.690278,525.927917
3694,0.688403,527.503357
3695,0.694509,523.007446
3696,0.700787,518.462097
3697,0.704166,516.113708
3698,0.710810,511.428375
3699,0.689818,527.134338
3700,0.689888,527.222961
3701,0.692845,525.114929
3702,0.691469,526.301941
3703,0.691302,526.570862
3704,0.689792,527.866394
3705,0.691213,526.923584
3706,0.691117,527.138977
3707,0.697235,522.654236
3708,0.697670,522.469116
3709,0.707405,515.418518
3710,0.690982,527.810608
3711,0.693946,525.698486
3712,0.690829,528.212585
3713,0.705069,517.683838
3714,0.693798,526.235046
3715,0.696160,524.591125
3716,0.692333,527.632996
3717,0.693043,527.234009
3718,0.695149,525.778442
3719,0.692666,527.805298
3720,0.694067,526.881104
3721,0.694035,527.047058
3722,0.692563,528.309143
3723,0.699693,523.066345
3724,0.707130,517.704407
3725,0.694016,527.628174
3726,0.694950,527.060181
3727,0.695206,527.007507
3728,0.698157,524.921204
3729,0.694362,527.931885
3730,0.698829,524.697754
3731,0.694438,528.156616
3732,0.695622,527.398926
3733,0.699789,524.399475
3734,0.699053,525.092163
3735,0.697082,526.718018
3736,0.697242,526.738159
3737,0.707827,518.999634
3738,0.696902,527.276611
3739,0.695744,528.295837
3740,0.700422,524.907471
3741,0.697530,527.225281
3742,0.700781,524.919617
3743,0.696755,528.093445
3744,0.697350,527.783691
3745,0.697286,527.973145
3746,0.698464,527.223694
3747,0.697350,528.206604
3748,0.705030,522.592285
3749,0.703296,524.020752
3750,0.734586,501.833984
3751,0.740102,498.226044
3752,0.751558,490.762390
3753,0.761594,484.424896
3754,0.763373,483.424652
3755,0.770810,478.888031
3756,0.721075,512.054565
3757,0.716038,515.793762
3758,0.706387,522.980042
3759,0.703789,525.050598
3760,0.701152,527.165405
3761,0.938374,394.001953
3762,0.721613,512.490417
3763,0.710656,520.530212
3764,0.715469,517.166199
3765,0.704589,525.291565
3766,0.700582,528.435852
3767,0.700960,528.291382
3768,0.707354,523.655334
3769,0.705632,525.072266
3770,0.707366,523.923706
3771,0.710317,521.885986
3772,0.737830,502.558105
3773,0.747827,495.971497
3774,0.745882,497.397034
3775,0.742221,499.982788
3776,0.737613,503.239532
3777,0.775898,478.535065
3778,0.749670,495.407745
3779,0.765722,485.151276
3780,0.789766,470.505096
3781,0.769088,483.283356
3782,0.728986,510.004211
3783,0.734528,506.289825
3784,0.737549,504.349426
3785,0.704979,527.789551
3786,0.705306,527.684570
3787,0.706035,527.278564
3788,0.715046,520.771179
3789,0.707027,526.816895
3790,0.705574,528.040955
3791,0.706061,527.816406
3792,0.706566,527.577820
3793,0.706944,527.435120
3794,0.706842,527.650574
3795,0.708525,526.535767
3796,0.705798,528.709106
3797,0.713242,523.329346
3798,0.713805,523.054199
3799,0.765734,487.710754
3800,0.756634,493.706879
3801,0.752493,496.554260
3802,0.765613,488.173431
3803,0.757152,493.758362
3804,0.758509,493.004730
3805,0.762554,490.518616
3806,0.751341,497.969818
3807,0.769178,486.549957
3808,0.777408,481.525299
3809,0.763219,490.605988
3810,0.782074,478.904083
3811,0.722464,518.553955
3812,0.708723,528.746399
3813,0.716992,522.785645
3814,0.730797,513.044739
3815,0.716058,523.742493
3816,0.710522,527.961548
3817,0.713760,525.703796
3818,0.714118,525.577698
3819,0.713632,526.073608
3820,0.713818,526.074585
3821,0.710413,528.734253
3822,0.711258,528.244507
3823,0.711885,527.917175
3824,0.711066,528.663574
3825,0.749248,501.853607
3826,0.752109,500.075439
3827,0.776346,484.590118
3828,0.749504,502.075684
3829,0.758304,496.378784
3830,0.759757,495.558990
3831,0.732621,514.048523
3832,0.746618,504.543365
3833,0.713613,528.016418
3834,0.715648,526.652100
3835,0.721306,522.657593
3836,0.762650,494.452637
3837,0.748762,503.755066
3838,0.749005,503.722809
3839,0.749914,503.243408
3840,0.764883,493.522858
3841,0.770746,489.896637
3842,0.758701,497.803528
3843,0.778374,485.347778
3844,0.734291,514.619507
3845,0.735238,514.090271
3846,0.723456,522.598694
3847,0.725242,521.447571
3848,0.718880,526.198792
3849,0.719974,525.535522
3850,0.716710,528.066040
3851,0.720282,525.584351
3852,0.719891,526.005920
3853,0.716186,528.864746
3854,0.716090,529.072937
3855,0.717101,528.463989
3856,0.721363,525.477661
3857,0.720794,526.029236
3858,0.720429,526.432129
3859,0.717382,528.804626
3860,0.717971,528.507874
3861,0.720090,527.089661
3862,0.719213,527.868835
3863,0.718368,528.626465
3864,0.721222,526.670654
3865,0.718752,528.617615
3866,0.719565,528.157104
3867,0.719674,528.213867
3868,0.718470,529.235229
3869,0.722163,526.665100
3870,0.718842,529.235474
3871,0.719930,528.572205
3872,0.723981,525.750244
3873,0.726470,524.083801
3874,0.719802,529.075928
3875,0.720794,528.484131
3876,0.765325,497.862244
3877,0.721549,528.203552
3878,0.722253,527.824768
3879,0.730790,521.792908
3880,0.721408,528.715393
3881,0.721440,528.828186
3882,0.722426,528.242798
3883,0.722637,528.224487
3884,0.725229,526.472107
3885,0.726554,525.647400
3886,0.759418,503.029327
3887,0.724352,527.516541
3888,0.723616,528.188904
3889,0.727264,525.674622
3890,0.767085,498.514069
3891,0.731738,522.729553
3892,0.729178,524.699585
3893,0.753280,508.041473
3894,0.725274,527.795044
3895,0.729395,524.947327
3896,0.725357,528.005493
3897,0.751834,509.541870
3898,0.731443,523.880676
3899,0.725856,528.048706
3900,0.728870,525.999634
3901,0.726912,527.552063
3902,0.725536,528.688049
3903,0.725792,528.637024
3904,0.726528,528.236755
3905,0.726182,528.623596
3906,0.726765,528.335205
3907,0.727814,527.708313
3908,0.727814,527.843384
3909,0.739002,519.985779
3910,0.728653,527.505859
3911,0.727270,528.643738
3912,0.727488,528.620728
3913,0.729882,527.021851
3914,0.726381,529.697144
3915,0.726790,529.533875
3916,0.733190,525.045654
3917,0.743181,518.119873
3918,0.743475,518.046936
3919,0.746771,515.892090
3920,0.764115,504.310974
3921,0.770694,500.133392
3922,0.779373,494.690460
3923,0.780717,493.964783
3924,0.801965,480.999817
3925,0.798803,483.026611
3926,0.767219,503.039429
3927,0.766246,503.806335
3928,0.774470,498.583435
3929,0.770266,501.432800
3930,0.785414,491.886475
3931,0.749728,515.430969
3932,0.786298,491.583984
3933,0.746547,517.890381
3934,0.732467,527.979858
3935,0.731706,528.663757
3936,0.731053,529.270325
3937,0.734675,526.794495
3938,0.731891,528.932617
3939,0.741562,522.167603
3940,0.739021,524.095886
3941,0.735085,527.035828
3942,0.732326,529.155273
3943,0.734957,527.395142
3944,0.742003,522.519348
3945,0.742483,522.313904
3946,0.740614,523.764587
3947,0.735840,527.296509
3948,0.738272,525.692688
3949,0.737754,526.195374
3950,0.741402,523.738831
3951,0.735571,528.023804
3952,0.735366,528.304565
3953,0.734656,528.949219
3954,0.737402,527.113037
3955,0.735757,528.425049
3956,0.739174,526.114868
3957,0.738458,526.758667
3958,0.735034,529.346191
3959,0.737306,527.848328
3960,0.753184,516.850952
3961,0.803219,484.776978
3962,0.765958,508.487701
3963,0.758330,513.732788
3964,0.737760,528.189514
3965,0.736358,529.328369
3966,0.742579,525.026428
3967,0.736179,529.724243
3968,0.738029,528.529846
3969,0.736307,529.899170
3970,0.738413,528.521301
3971,0.737011,529.659729
3972,0.743917,524.875183
3973,0.743578,525.246826
3974,0.738394,529.067505
3975,0.744941,524.549561
3976,0.739597,528.472656
3977,0.737754,529.926270
3978,0.737869,529.976746
3979,0.742406,526.869934
3980,0.738848,529.540466
3981,0.745402,525.016602
3982,0.743642,526.391357
3983,0.738784,529.985535
3984,0.739763,529.416931
3985,0.739494,529.742310
3986,0.743002,527.374023
3987,0.738682,530.591248
3988,0.747322,524.588562
3989,0.745638,525.904602
3990,0.743187,527.771423
3991,0.745786,526.064392
3992,0.741664,529.120361
3993,0.751456,522.356445
3994,0.745946,526.346924
3995,0.758605,517.693054
3996,0.760864,516.285156
3997,0.759834,517.114624
3998,0.757510,518.830383
3999,0.756608,519.579102
4000,0.769286,511.143799
4001,0.776301,506.651947
4002,0.800390,491.525879
4003,0.780774,504.000763
4004,0.786387,500.528534
4005,0.798579,493.009979
4006,0.767763,512.926147
4007,0.749350,525.660767
4008,0.745837,528.268921
4009,0.773267,509.656647
4010,0.748275,526.810242
4011,0.745395,528.977600
4012,0.744179,529.973999
4013,0.784928,502.586182
4014,0.745722,529.141479
4015,0.747315,528.144714
4016,0.791117,499.027252
4017,0.762317,518.009277
4018,0.747053,528.724976
4019,0.745875,529.691528
4020,0.747014,529.015320
4021,0.749299,527.533447
4022,0.749818,527.299805
4023,0.746598,529.705078
4024,0.747712,529.047668
4025,0.755770,523.537354
4026,0.757120,522.733398
4027,0.747430,529.641602
4028,0.750176,527.834167
4029,0.749152,528.686829
4030,0.756269,523.841675
4031,0.750758,527.817505
4032,0.749798,528.624390
4033,0.752499,526.857727
4034,0.749498,529.098877
4035,0.750170,528.755981
4036,0.748531,530.044617
4037,0.751834,527.847168
4038,0.754272,526.271057
4039,0.750054,529.361389
4040,0.750886,528.905823
4041,0.749587,529.953674
4042,0.755430,525.984619
4043,0.753190,527.679443
4044,0.750925,529.402344
4045,0.751123,529.393372
4046,0.751046,529.578491
4047,0.749907,530.514099
4048,0.750643,530.124756
4049,0.768448,517.969849
4050,0.799910,497.719727
4051,0.807226,493.331116
4052,0.825933,482.276367
4053,0.894797,445.269958
4054,0.815949,488.418427
4055,0.805478,494.889404
4056,0.771450,516.846497
4057,0.757837,526.260193
4058,0.765491,521.126343
4059,0.753811,529.331360
4060,0.753050,529.997253
4061,0.753773,529.619202
4062,0.761165,524.604980
4063,0.757594,527.207703
4064,0.757958,527.083679
4065,0.758035,527.159851
4066,0.762726,524.046448
4067,0.754445,529.929260
4068,0.755610,529.242432
4069,0.752755,531.379944
4070,0.762080,525.006897
4071,0.784006,510.449402
4072,0.794566,503.789062
4073,0.766413,522.423645
4074,0.757786,528.501038
4075,0.759027,527.765991
4076,0.761376,526.267029
4077,0.757446,529.127075
4078,0.758771,528.332825
4079,0.758976,528.319763
4080,0.760506,527.386414
4081,0.758413,528.971313
4082,0.759443,528.383118
4083,0.759264,528.637268
4084,0.761965,526.892517
4085,0.758061,529.735657
4086,0.758400,529.628357
4087,0.758618,529.606018
4088,0.760026,528.754211
4089,0.761280,528.012085
4090,0.765197,525.437866
4091,0.761382,528.199280
4092,0.763392,526.937622
4093,0.760525,529.053467
4094,0.760723,529.044678
4095,0.765952,525.561523
